,url,url_mobile,title,seendate,socialimage,domain,language,sourcecountry
0,https://markets.businessinsider.com/news/stocks/american-water-works-reports-cybersecurity-incident-1033824582,,American Water Works Reports Cybersecurity Incident,20241007T143000Z,,markets.businessinsider.com,English,United States
1,https://finance.yahoo.com/news/american-water-works-company-inc-062330650.html,,"Is American Water Works Company , Inc . ( AWK ) the Best Water Stock To Invest In ? ",20240928T070000Z,https://s.yimg.com/ny/api/res/1.2/3531IoKMwxxg8ZSqv0lupQ--/YXBwaWQ9aGlnaGxhbmRlcjt3PTEyMDA7aD02NzM-/https://media.zenfs.com/en/insidermonkey.com/342b5b93af085bd494849492d92168f8,finance.yahoo.com,English,United States
2,https://www.fox9.com/news/minnesota-city-has-best-tasting-water-state,https://www.fox9.com/news/minnesota-city-has-best-tasting-water-state.amp,This Minnesota city has the best tasting water in the state,20240920T054500Z,https://images.foxtv.com/static.fox9.com/www.fox9.com/content/uploads/2024/09/1280/720/GettyImages-2172211286.jpg?ve=1&tl=1,fox9.com,English,United States
4,https://article.wn.com/view/2024/10/09/Largest_water_utility_company_in_the_US_says_it_was_targeted/,,Largest water utility company in the US says it was targeted by a cyberattack,20241009T031500Z,,article.wn.com,English,United States
5,https://www.wkrb13.com/2024/10/12/covea-finance-acquires-109200-shares-of-american-water-works-company-inc-nyseawk.html,,"Covea Finance Acquires 109 , 200 Shares of American Water Works Company , Inc . ( NYSE : AWK ) ",20241012T193000Z,,wkrb13.com,English,United States
6,https://theenterpriseleader.com/2024/10/11/american-water-works-company-inc-nyseawk-holdings-lifted-by-strong-tower-advisory-services.html,,"American Water Works Company , Inc . ( NYSE : AWK ) Holdings Lifted by Strong Tower Advisory Services",20241011T181500Z,,theenterpriseleader.com,English,United States
7,https://www.themarketsdaily.com/2024/09/23/american-water-works-awk-outperform-rating-reiterated-at-royal-bank-of-canada.html,,American Water Work ( AWK )  Outperform  Rating Reiterated at Royal Bank of Canada,20240923T124500Z,,themarketsdaily.com,English,United States
8,https://theenterpriseleader.com/2024/09/15/plato-investment-management-ltd-buys-751-shares-of-american-water-works-company-inc-nyseawk.html,,"Plato Investment Management Ltd Buys 751 Shares of American Water Works Company , Inc . ( NYSE : AWK ) ",20240915T121500Z,,theenterpriseleader.com,English,United States
9,https://theenterpriseleader.com/2024/09/15/retirement-planning-co-of-new-england-inc-trims-stake-in-american-water-works-company-inc-nyseawk.html,,"Retirement Planning Co of New England Inc . Trims Stake in American Water Works Company , Inc . ( NYSE : AWK ) ",20240915T181500Z,,theenterpriseleader.com,English,United States
10,https://www.etfdailynews.com/2024/10/01/granite-bay-wealth-management-llc-invests-1-30-million-in-american-water-works-company-inc-nyseawk/,,"Granite Bay Wealth Management LLC Invests $1 . 30 Million in American Water Works Company , Inc . ( NYSE : AWK ) ",20241001T193000Z,,etfdailynews.com,English,United States
11,https://www.themarketsdaily.com/2024/09/18/american-water-works-nyseawk-hits-new-1-year-high-at-149-71.html,,American Water Works ( NYSE : AWK ) Hits New 1 - Year High at $149 . 71,20240918T124500Z,,themarketsdaily.com,English,United States
12,https://www.tickerreport.com/banking-finance/12589372/pensioenfonds-rail-ov-takes-position-in-american-water-works-company-inc-nyseawk.html,,"Pensioenfonds Rail & OV Takes Position in American Water Works Company , Inc . ( NYSE : AWK ) ",20241002T150000Z,,tickerreport.com,English,United States
13,https://www.pr-inside.com/data-breach-alert-edelson-lechtzin-llp-is-investigating-claims-on-r5058114.htm,,DATA BREACH ALERT : Edelson Lechtzin LLP Is Investigating Claims On ... ,20241013T184500Z,,pr-inside.com,English,United States
17,https://979kickfm.com/ixp/464/p/american-water-works-cyberattack-missouri-illinois/,,Missouri & Illinois Communities Water Provider Systems Hacked,20241008T031500Z,https://townsquare.media/site/464/files/2024/10/attachment-missouri-illinois-drinking-water-hacked.jpg?&q=75&format=natural,979kickfm.com,English,United States
18,https://kickam1530.com/ixp/464/p/american-water-works-cyberattack-missouri-illinois/,,Missouri & Illinois Communities Water Provider Systems Hacked,20241008T060000Z,https://townsquare.media/site/464/files/2024/10/attachment-missouri-illinois-drinking-water-hacked.jpg?&q=75&format=natural,kickam1530.com,English,United States
19,https://q985online.com/ixp/464/p/american-water-works-cyberattack-missouri-illinois/,,Missouri & Illinois Communities Water Provider Systems Hacked,20241009T044500Z,https://townsquare.media/site/464/files/2024/10/attachment-missouri-illinois-drinking-water-hacked.jpg?&q=75&format=natural,q985online.com,English,United States
20,https://97zokonline.com/ixp/464/p/american-water-works-cyberattack-missouri-illinois/,,Missouri & Illinois Communities Water Provider Systems Hacked,20241009T031500Z,https://townsquare.media/site/464/files/2024/10/attachment-missouri-illinois-drinking-water-hacked.jpg?&q=75&format=natural,97zokonline.com,English,United States
21,https://967theeagle.net/ixp/464/p/american-water-works-cyberattack-missouri-illinois/,,Missouri & Illinois Communities Water Provider Systems Hacked,20241009T024500Z,https://townsquare.media/site/464/files/2024/10/attachment-missouri-illinois-drinking-water-hacked.jpg?&q=75&format=natural,967theeagle.net,English,United States
22,https://woodradio.iheart.com/content/2024-10-08-largest-water-utility-company-in-the-country-targeted-in-cyberattack/,,Largest Water Utility Company In The Country Targeted In Cyberattack | Newsradio WOOD 1300 and 106 . 9 FM,20241008T210000Z,"https://i.iheart.com/v3/re/assets.getty/67058c1bc0a9e1bca9caa7c2?ops=gravity(%22north%22),fit(1200,675),quality(65)",woodradio.iheart.com,English,United States
23,https://1019bigwaax.iheart.com/content/2024-10-08-largest-water-utility-company-in-the-country-targeted-in-cyberattack/,,Largest Water Utility Company In The Country Targeted In Cyberattack,20241008T230000Z,"https://i.iheart.com/v3/re/assets.getty/67058c1bc0a9e1bca9caa7c2?ops=gravity(%22north%22),fit(1200,675),quality(65)",1019bigwaax.iheart.com,English,United States
24,https://650keni.iheart.com/content/2024-10-08-largest-water-utility-company-in-the-country-targeted-in-cyberattack/,,Largest Water Utility Company In The Country Targeted In Cyberattack,20241008T214500Z,"https://i.iheart.com/v3/re/assets.getty/67058c1bc0a9e1bca9caa7c2?ops=gravity(%22north%22),fit(1200,675),quality(65)",650keni.iheart.com,English,United States
25,https://kfbk.iheart.com/content/2024-10-08-largest-water-utility-company-in-the-country-targeted-in-cyberattack/,,Largest Water Utility Company In The Country Targeted In Cyberattack,20241008T213000Z,"https://i.iheart.com/v3/re/assets.getty/67058c1bc0a9e1bca9caa7c2?ops=gravity(%22north%22),fit(1200,675),quality(65)",kfbk.iheart.com,English,United States
26,https://jetradio1400.iheart.com/content/2024-10-08-largest-water-utility-company-in-the-country-targeted-in-cyberattack/?pname=www.jetradio1400.com&sc=dnsredirect,,Largest Water Utility Company In The Country Targeted In Cyberattack,20241008T213000Z,"https://i.iheart.com/v3/re/assets.getty/67058c1bc0a9e1bca9caa7c2?ops=gravity(%22north%22),fit(1200,675),quality(65)",jetradio1400.iheart.com,English,United States
27,https://kfiam640.iheart.com/content/2024-10-08-largest-water-utility-company-in-the-country-targeted-in-cyberattack/,,Largest Water Utility Company In The Country Targeted In Cyberattack,20241008T210000Z,"https://i.iheart.com/v3/re/assets.getty/67058c1bc0a9e1bca9caa7c2?ops=gravity(%22north%22),fit(1200,675),quality(65)",kfiam640.iheart.com,English,United States
28,https://woai.iheart.com/content/2024-10-08-largest-water-utility-company-in-the-country-targeted-in-cyberattack/,,Largest Water Utility Company In The Country Targeted In Cyberattack,20241008T210000Z,"https://i.iheart.com/v3/re/assets.getty/67058c1bc0a9e1bca9caa7c2?ops=gravity(%22north%22),fit(1200,675),quality(65)",woai.iheart.com,English,United States
29,https://wtkg.iheart.com/content/2024-10-08-largest-water-utility-company-in-the-country-targeted-in-cyberattack/,,Largest Water Utility Company In The Country Targeted In Cyberattack,20241008T210000Z,"https://i.iheart.com/v3/re/assets.getty/67058c1bc0a9e1bca9caa7c2?ops=gravity(%22north%22),fit(1200,675),quality(65)",wtkg.iheart.com,English,United States
30,https://newstalk1230.iheart.com/content/2024-10-08-largest-water-utility-company-in-the-country-targeted-in-cyberattack/,,Largest Water Utility Company In The Country Targeted In Cyberattack,20241008T203000Z,"https://i.iheart.com/v3/re/assets.getty/67058c1bc0a9e1bca9caa7c2?ops=gravity(%22north%22),fit(1200,675),quality(65)",newstalk1230.iheart.com,English,United States
31,https://newsradio540.iheart.com/content/2024-10-08-largest-water-utility-company-in-the-country-targeted-in-cyberattack/,,Largest Water Utility Company In The Country Targeted In Cyberattack,20241008T204500Z,"https://i.iheart.com/v3/re/assets.getty/67058c1bc0a9e1bca9caa7c2?ops=gravity(%22north%22),fit(1200,675),quality(65)",newsradio540.iheart.com,English,United States
32,https://1360kktx.iheart.com/content/2024-10-08-largest-water-utility-company-in-the-country-targeted-in-cyberattack/,,Largest Water Utility Company In The Country Targeted In Cyberattack,20241008T203000Z,"https://i.iheart.com/v3/re/assets.getty/67058c1bc0a9e1bca9caa7c2?ops=gravity(%22north%22),fit(1200,675),quality(65)",1360kktx.iheart.com,English,United States
33,https://newsradio710.iheart.com/content/2024-10-08-largest-water-utility-company-in-the-country-targeted-in-cyberattack/,,Largest Water Utility Company In The Country Targeted In Cyberattack,20241008T203000Z,"https://i.iheart.com/v3/re/assets.getty/67058c1bc0a9e1bca9caa7c2?ops=gravity(%22north%22),fit(1200,675),quality(65)",newsradio710.iheart.com,English,United States
34,https://kfyr.iheart.com/content/2024-10-08-largest-water-utility-company-in-the-country-targeted-in-cyberattack/,,Largest Water Utility Company In The Country Targeted In Cyberattack,20241008T200000Z,"https://i.iheart.com/v3/re/assets.getty/67058c1bc0a9e1bca9caa7c2?ops=gravity(%22north%22),fit(1200,675),quality(65)",kfyr.iheart.com,English,United States
35,https://590kqnt.iheart.com/content/2024-10-08-largest-water-utility-company-in-the-country-targeted-in-cyberattack/,,Largest Water Utility Company In The Country Targeted In Cyberattack,20241008T200000Z,"https://i.iheart.com/v3/re/assets.getty/670585cfc713ffe6dce1d84c?ops=gravity(%22north%22),fit(1200,675),quality(65)",590kqnt.iheart.com,English,United States
36,https://talkradio1059.iheart.com/content/2024-10-08-largest-water-utility-company-in-the-country-targeted-in-cyberattack/,,Largest Water Utility Company In The Country Targeted In Cyberattack,20241009T001500Z,"https://i.iheart.com/v3/re/assets.getty/67058c1bc0a9e1bca9caa7c2?ops=gravity(%22north%22),fit(1200,675),quality(65)",talkradio1059.iheart.com,English,United States
37,https://wbhpam.iheart.com/content/2024-10-08-largest-water-utility-company-in-the-country-targeted-in-cyberattack/,,Largest Water Utility Company In The Country Targeted In Cyberattack,20241009T001500Z,"https://i.iheart.com/v3/re/assets.getty/67058c1bc0a9e1bca9caa7c2?ops=gravity(%22north%22),fit(1200,675),quality(65)",wbhpam.iheart.com,English,United States
38,https://wflafm.iheart.com/content/2024-10-08-largest-water-utility-company-in-the-country-targeted-in-cyberattack/,,Largest Water Utility Company In The Country Targeted In Cyberattack,20241009T001500Z,"https://i.iheart.com/v3/re/assets.getty/67058c1bc0a9e1bca9caa7c2?ops=gravity(%22north%22),fit(1200,675),quality(65)",wflafm.iheart.com,English,United States
41,https://www.aol.com/american-water-restarting-systems-shut-143908366.html,,American Water restarting systems shut down a week ago by hackers,20241011T154500Z,https://s.yimg.com/ny/api/res/1.2/r76NcLGF6Bap58qmKXVZuw--/YXBwaWQ9aGlnaGxhbmRlcjt3PTEyMDA7aD04MDA-/https://media.zenfs.com/en/aol_cbs_news_articles_189/d161136d643d13a40431c369e0420e7d,aol.com,English,United States
47,https://www.reviewjournal.com/local/henderson/henderson-adopts-new-water-conservation-plan-3190347/,https://www.reviewjournal.com/local/henderson/henderson-adopts-new-water-conservation-plan-3190347/amp/,Henderson adopts new water conservation plan | Henderson,20241016T194500Z,https://www.reviewjournal.com/wp-content/uploads/2024/10/19732624_web1_water-level-1.jpg,reviewjournal.com,English,United States
48,https://www.reviewjournal.com/news/politics-and-government/henderson-adopts-new-water-conservation-plan-3190347/,https://www.reviewjournal.com/news/politics-and-government/henderson-adopts-new-water-conservation-plan-3190347/amp/,Henderson adopts new water conservation plan,20241016T053000Z,https://www.reviewjournal.com/wp-content/uploads/2024/10/19732624_web1_water-level-1.jpg,reviewjournal.com,English,United States
49,https://whopam.com/2024/10/01/city-council-approves-waste-disposal-service-housing-project-agreement/,,"City Council approves waste disposal service , housing project agreement | NewsRadio 1230 AM / 99 . 3 FM | Hopkinsville News Leader",20241002T050000Z,https://whopam.com/wp-content/uploads/sites/4/1001-City-Council.jpg,whopam.com,English,United States
50,https://wjon.com/the-wjon-current-events-quiz-for-friday-sept-27-2024/,,"The WJON Current Events Quiz for Friday , Sept . 27 , 2024",20240928T024500Z,https://townsquare.media/site/67/files/2024/09/attachment-NewsQuiz-9-27-24.jpg?&q=75&format=natural,wjon.com,English,United States
51,https://www.wthitv.com/news/hackers-breach-american-water-works-impacting-over-14-million-customers/article_7e4bfb6c-84e9-11ef-bbd5-5313756100ca.html,,"Hackers breach American Water Works , impacting over 14 Million customers",20241011T064500Z,https://bloximages.newyork1.vip.townnews.com/wthitv.com/content/tncms/assets/v3/editorial/4/7c/47c07a69-a635-5180-a901-cd8b93a826d7/649b02a63fe20.image.jpg?crop=1920%2C1008%2C0%2C35,wthitv.com,English,United States
52,https://www.kare11.com/article/entertainment/dining/food-drink/bloomington-wins-best-in-glass-award/89-9434856f-5993-4679-846d-b800bf608e36,,City of Bloomington wins best tap water in Minnesota,20241003T023000Z,https://media.kare11.com/assets/KARE/images/09dca89d-1ee3-4255-83d1-30aaab06cad4/20241002T232956/09dca89d-1ee3-4255-83d1-30aaab06cad4_1140x641.jpg,kare11.com,English,United States
53,https://www.enr.com/articles/59470-us-lead-water-line-replacement-required-in-under-a-decade-in-final-epa-rule,,US Lead Water Line Replacement Required in Under a Decade In Final EPA Rule,20241010T231500Z,https://www.enr.com/ext/resources/2024/10/10/Lead_Pipe_Flint_ENRwebready.jpg?&t=1728594416,enr.com,English,United States
54,https://mix949.com/what-central-minnesota-city-has-the-best-tasting-water/,,What Central Minnesota City Has The Best Tasting Water ? ,20240920T150000Z,https://townsquare.media/site/65/files/2024/09/attachment-brett-wharton-ZRPN4jhvkT4-unsplash.jpg?&q=75&format=natural,mix949.com,English,United States
55,https://kdhlradio.com/ixp/65/p/what-central-minnesota-city-has-the-best-tasting-water/,,What Central Minnesota City Has The Best Tasting Water ? ,20240920T180000Z,https://townsquare.media/site/65/files/2024/09/attachment-brett-wharton-ZRPN4jhvkT4-unsplash.jpg?&q=75&format=natural,kdhlradio.com,English,United States
56,https://1520theticket.com/ixp/65/p/what-central-minnesota-city-has-the-best-tasting-water/,,What Central Minnesota City Has The Best Tasting Water ? ,20240920T163000Z,https://townsquare.media/site/65/files/2024/09/attachment-brett-wharton-ZRPN4jhvkT4-unsplash.jpg?&q=75&format=natural,1520theticket.com,English,United States
57,https://catcountry1073.com/ixp/397/p/heres-why-your-american-water-bill-is-late-how-to-handle-it/,,Why Your American Water Bill is Late & How to Handle it,20241008T103000Z,https://townsquare.media/site/397/files/2024/10/attachment-tyson-zIzsLS2rYF8-unsplash.jpg?&q=75&format=natural,catcountry1073.com,English,United States
58,https://www.wateronline.com/doc/statement-from-awwa-ceo-david-lafrance-on-final-lead-and-copper-rule-improvements-lcri-0001,,Statement From AWWA CEO David LaFrance On Final Lead And Copper Rule Improvements ( LCRI ) ,20241009T211500Z,,wateronline.com,English,United States
60,https://www.fox5atlanta.com/news/grandparents-found-hugging-each-other-after-fallen-tree-killed-them-during-hurricane-helene,https://www.fox5atlanta.com/news/grandparents-found-hugging-each-other-after-fallen-tree-killed-them-during-hurricane-helene.amp,Grandparents found hugging each other after fallen tree killed them during Hurricane Helene,20241004T223000Z,https://images.foxtv.com/static.livenowfox.com/www.livenowfox.com/content/uploads/2024/10/1280/720/jerry-marcia-savage.jpg?ve=1&tl=1,fox5atlanta.com,English,United States
61,https://www.channel3000.com/madison-magazine/appleton-tap-water-tastes-best-in-the-state-how-does-madisons-compare/article_c162610a-7145-11ef-b257-ef45b403052e.html,,Appleton tap water tastes best in the state . How does Madison compare ? ,20240917T140000Z,https://bloximages.newyork1.vip.townnews.com/channel3000.com/content/tncms/assets/v3/editorial/1/09/1096352e-7431-11ef-b1ec-83468f84c066/66e8354295c03.image.jpg?crop=1280%2C672%2C0%2C23,channel3000.com,English,United States
62,https://www.ktvu.com/news/grandparents-found-hugging-each-other-after-fallen-tree-killed-them-during-hurricane-helene,https://www.ktvu.com/news/grandparents-found-hugging-each-other-after-fallen-tree-killed-them-during-hurricane-helene.amp,Grandparents found hugging each other after fallen tree killed them during Hurricane Helene,20241005T194500Z,https://images.foxtv.com/static.livenowfox.com/www.livenowfox.com/content/uploads/2024/10/1280/720/jerry-marcia-savage.jpg?ve=1&tl=1,ktvu.com,English,United States
63,https://www.wkyt.com/2024/10/15/wkyt-investigates-lead-water-lines-lexington/,https://www.wkyt.com/2024/10/15/wkyt-investigates-lead-water-lines-lexington/?outputType=amp,EPA tightens rules for public water systems over lead,20241016T000000Z,https://gray-wkyt-prod.gtv-cdn.com/resizer/v2/BWFEWFCIGJDGBNTLJTSAPNAZGI.jpg?auth=08ab4528540fcdfbf68dd80fa7e7faa4a556d80f474c3dc68dce3a34fd5065ef&smart=true,wkyt.com,English,United States
64,https://www.foxla.com/news/grandparents-found-hugging-each-other-after-fallen-tree-killed-them-during-hurricane-helene,https://www.foxla.com/news/grandparents-found-hugging-each-other-after-fallen-tree-killed-them-during-hurricane-helene.amp,Grandparents found hugging each other after fallen tree killed them during Hurricane Helene,20241005T001500Z,https://images.foxtv.com/static.livenowfox.com/www.livenowfox.com/content/uploads/2024/10/1280/720/jerry-marcia-savage.jpg?ve=1&tl=1,foxla.com,English,United States
65,https://www.fox32chicago.com/news/grandparents-found-hugging-each-other-after-fallen-tree-killed-them-during-hurricane-helene,https://www.fox32chicago.com/news/grandparents-found-hugging-each-other-after-fallen-tree-killed-them-during-hurricane-helene.amp,Grandparents found hugging each other after fallen tree killed them during Hurricane Helene,20241005T001500Z,https://images.foxtv.com/static.livenowfox.com/www.livenowfox.com/content/uploads/2024/10/1280/720/jerry-marcia-savage.jpg?ve=1&tl=1,fox32chicago.com,English,United States
66,https://www.bostonglobe.com/2024/10/08/nation/biden-sets-10-year-deadline-us-cities-replace-lead-pipes-make-drinking-water-safer/,,Biden sets a 10 - year deadline for US cities to replace lead pipes and make drinking water safer,20241008T100000Z,https://bostonglobe-prod.cdn.arcpublishing.com/resizer/v2/6EI2OPOQKZXUYBWM2NJDJL4WBI.jpg?auth=52c6382911f4940941eaba638830580ae11b610bb3c16c42fd909e3ee92c1823,bostonglobe.com,English,United States
67,https://www.newscenter1.tv/news/rapid-city-is-best-in-the-state-for-water-quality/article_2fa90b62-82b4-11ef-b354-939353910381.html,,Rapid City is best in the state for water quality,20241005T053000Z,https://bloximages.chicago2.vip.townnews.com/newscenter1.tv/content/tncms/assets/v3/editorial/2/04/204bf3ec-82b3-11ef-8cd4-7f407130f77b/67008c4497daf.image.png?crop=1920%2C1008%2C0%2C35,newscenter1.tv,English,United States
68,https://www.1057thepoint.com/episode/arnold-man-imperial-man/,,Arnold Man Imperial Man – 105 . 7 The Point,20241008T191500Z,https://www.1057thepoint.com/wp-content/uploads/2024/03/Rizzuto_Show_10_Years_1080x1080_01-1080x720.jpg,1057thepoint.com,English,United States
69,https://rapidcityjournal.com/news/local/rapid-city-earns-best-water-in-south-dakota-honor/article_fafcbd2a-84be-11ef-b9df-175db3d62ecf.html,,Rapid City earns best water in South Dakota honor,20241008T183000Z,https://bloximages.chicago2.vip.townnews.com/rapidcityjournal.com/content/tncms/assets/v3/editorial/4/57/45774067-6eef-545e-a0c6-fdb5b520760b/66cfad37ef220.image.jpg?crop=1280%2C672%2C0%2C23,rapidcityjournal.com,English,United States
72,https://abc13.com/post/president-joe-biden-sets-10-year-deadline-us-cities-replace-lead-pipes-make-drinking-water-safer/15404014/,https://abc13.com/amp/post/president-joe-biden-sets-10-year-deadline-us-cities-replace-lead-pipes-make-drinking-water-safer/15404014/,President Joe Biden sets 10 - year deadline for US cities to replace lead pipes and make drinking water safer,20241008T144500Z,https://cdn.abcotvs.com/dip/images/15404043_100824-cc-ap-lead-pipes-img.jpg,abc13.com,English,United States
74,https://komonews.com/news/nation-world/president-joe-biden-sets-10-year-deadline-to-replace-lead-pipes-ensuring-safe-drinking-water-neurotoxin-flint-michigan-water-crisis-environmental-protection-agency-rule-wisconsin-kamala-harris-presidential-campaign,https://komonews.com/amp/news/nation-world/president-joe-biden-sets-10-year-deadline-to-replace-lead-pipes-ensuring-safe-drinking-water-neurotoxin-flint-michigan-water-crisis-environmental-protection-agency-rule-wisconsin-kamala-harris-presidential-campaign,"Biden sets 10 - year deadline to replace lead pipes , ensuring safe drinking water",20241008T171500Z,https://komonews.com/resources/media2/16x9/1024/986/0x55/90/5523e0e7-f683-4317-bd9e-09b658b129c1-AP24281800432245.jpg,komonews.com,English,United States
75,https://abc7news.com/post/president-joe-biden-sets-10-year-deadline-us-cities-replace-lead-pipes-make-drinking-water-safer/15404014/,https://abc7news.com/amp/post/president-joe-biden-sets-10-year-deadline-us-cities-replace-lead-pipes-make-drinking-water-safer/15404014/,President Joe Biden sets 10 - year deadline for US cities to replace lead pipes and make drinking water safer,20241008T120000Z,https://cdn.abcotvs.com/dip/images/15404043_100824-cc-ap-lead-pipes-img.jpg,abc7news.com,English,United States
76,https://www.wcti12.com/news/nation-world/president-joe-biden-sets-10-year-deadline-to-replace-lead-pipes-ensuring-safe-drinking-water-neurotoxin-flint-michigan-water-crisis-environmental-protection-agency-rule-wisconsin-kamala-harris-presidential-campaign,https://wcti12.com/amp/news/nation-world/president-joe-biden-sets-10-year-deadline-to-replace-lead-pipes-ensuring-safe-drinking-water-neurotoxin-flint-michigan-water-crisis-environmental-protection-agency-rule-wisconsin-kamala-harris-presidential-campaign,"Biden sets 10 - year deadline to replace lead pipes , ensuring safe drinking water",20241008T171500Z,https://wcti12.com/resources/media2/16x9/1024/986/0x55/90/5523e0e7-f683-4317-bd9e-09b658b129c1-AP24281800432245.jpg,wcti12.com,English,United States
77,https://katu.com/news/nation-world/president-joe-biden-sets-10-year-deadline-to-replace-lead-pipes-ensuring-safe-drinking-water-neurotoxin-flint-michigan-water-crisis-environmental-protection-agency-rule-wisconsin-kamala-harris-presidential-campaign,https://katu.com/amp/news/nation-world/president-joe-biden-sets-10-year-deadline-to-replace-lead-pipes-ensuring-safe-drinking-water-neurotoxin-flint-michigan-water-crisis-environmental-protection-agency-rule-wisconsin-kamala-harris-presidential-campaign,"Biden sets 10 - year deadline to replace lead pipes , ensuring safe drinking water",20241008T153000Z,https://katu.com/resources/media2/16x9/1024/986/0x55/90/5523e0e7-f683-4317-bd9e-09b658b129c1-AP24281800432245.jpg,katu.com,English,United States
78,https://wset.com/news/nation-world/president-joe-biden-sets-10-year-deadline-to-replace-lead-pipes-ensuring-safe-drinking-water-neurotoxin-flint-michigan-water-crisis-environmental-protection-agency-rule-wisconsin-kamala-harris-presidential-campaign,https://wset.com/amp/news/nation-world/president-joe-biden-sets-10-year-deadline-to-replace-lead-pipes-ensuring-safe-drinking-water-neurotoxin-flint-michigan-water-crisis-environmental-protection-agency-rule-wisconsin-kamala-harris-presidential-campaign,"Biden sets 10 - year deadline to replace lead pipes , ensuring safe drinking water",20241008T153000Z,https://wset.com/resources/media2/16x9/1024/986/0x55/90/5523e0e7-f683-4317-bd9e-09b658b129c1-AP24281800432245.jpg,wset.com,English,United States
79,https://www.wtae.com/article/biden-lead-pipe-replacement-deadline/62539870,,Biden sets a 10 - year deadline for cities to replace lead pipes and make drinking water safer,20241008T143000Z,"https://kubrick.htvapps.com/htv-prod-media.s3.amazonaws.com/images/gettyimages-1204682124-67050f3148699.jpg?crop=1.00xw:0.846xh;0,0",wtae.com,English,United States
80,https://www.ksat.com/health/2024/10/08/biden-sets-a-10-year-deadline-for-us-cities-to-replace-lead-pipes-and-make-drinking-water-safer/,,Biden sets a 10 - year deadline for US cities to replace lead pipes and make drinking water safer,20241008T120000Z,"https://res.cloudinary.com/graham-media-group/image/upload/f_auto/q_auto/c_thumb,w_700/v1/media/gmg/6QOPMCZISZHTJN4RYFEQW4ZTAQ.jpg?_a=DATAdtfiZAA0",ksat.com,English,United States
81,https://www.wcyb.com/news/nation-world/president-joe-biden-sets-10-year-deadline-to-replace-lead-pipes-ensuring-safe-drinking-water-neurotoxin-flint-michigan-water-crisis-environmental-protection-agency-rule-wisconsin-kamala-harris-presidential-campaign,https://wcyb.com/amp/news/nation-world/president-joe-biden-sets-10-year-deadline-to-replace-lead-pipes-ensuring-safe-drinking-water-neurotoxin-flint-michigan-water-crisis-environmental-protection-agency-rule-wisconsin-kamala-harris-presidential-campaign,"Biden sets 10 - year deadline to replace lead pipes , ensuring safe drinking water",20241008T164500Z,https://wcyb.com/resources/media2/16x9/1024/986/0x55/90/5523e0e7-f683-4317-bd9e-09b658b129c1-AP24281800432245.jpg,wcyb.com,English,United States
82,https://turnto10.com/news/nation-world/president-joe-biden-sets-10-year-deadline-to-replace-lead-pipes-ensuring-safe-drinking-water-neurotoxin-flint-michigan-water-crisis-environmental-protection-agency-rule-wisconsin-kamala-harris-presidential-campaign,https://turnto10.com/amp/news/nation-world/president-joe-biden-sets-10-year-deadline-to-replace-lead-pipes-ensuring-safe-drinking-water-neurotoxin-flint-michigan-water-crisis-environmental-protection-agency-rule-wisconsin-kamala-harris-presidential-campaign,"Biden sets 10 - year deadline to replace lead pipes , ensuring safe drinking water",20241008T154500Z,https://turnto10.com/resources/media2/16x9/1024/986/0x55/90/5523e0e7-f683-4317-bd9e-09b658b129c1-AP24281800432245.jpg,turnto10.com,English,United States
83,https://www.nbcdfw.com/news/national-international/biden-10-year-deadline-cities-replace-lead-pipes-safer-drinking-water/3665127/,https://www.nbcdfw.com/news/national-international/biden-10-year-deadline-cities-replace-lead-pipes-safer-drinking-water/3665127/?amp=1,Biden sets 10 - year deadline for US cities to replace lead pipes – NBC 5 Dallas - Fort Worth,20241008T173000Z,https://media.nbcdfw.com/2024/10/AP24281800432245.jpg?quality=85&strip=all,nbcdfw.com,English,United States
85,https://www.kmbc.com/article/biden-lead-pipe-replacement-deadline/62539870,,Biden sets a 10 - year deadline for cities to replace lead pipes and make drinking water safer,20241008T124500Z,"https://kubrick.htvapps.com/htv-prod-media.s3.amazonaws.com/images/gettyimages-1204682124-67050f3148699.jpg?crop=1.00xw:0.846xh;0,0",kmbc.com,English,United States
86,https://www.nbcsandiego.com/news/national-international/biden-10-year-deadline-cities-replace-lead-pipes-safer-drinking-water/3642942/,https://www.nbcsandiego.com/news/national-international/biden-10-year-deadline-cities-replace-lead-pipes-safer-drinking-water/3642942/?amp=1,Biden sets 10 - year deadline for US cities to replace lead pipes – NBC 7 San Diego,20241008T170000Z,https://media.nbcsandiego.com/2024/10/AP24281800432245.jpg?quality=85&strip=all,nbcsandiego.com,English,United States
87,https://cbs12.com/news/nation-world/president-joe-biden-sets-10-year-deadline-to-replace-lead-pipes-ensuring-safe-drinking-water-neurotoxin-flint-michigan-water-crisis-environmental-protection-agency-rule-wisconsin-kamala-harris-presidential-campaign,https://cbs12.com/amp/news/nation-world/president-joe-biden-sets-10-year-deadline-to-replace-lead-pipes-ensuring-safe-drinking-water-neurotoxin-flint-michigan-water-crisis-environmental-protection-agency-rule-wisconsin-kamala-harris-presidential-campaign,"Biden sets 10 - year deadline to replace lead pipes , ensuring safe drinking water",20241008T134500Z,https://cbs12.com/resources/media2/16x9/1024/986/0x55/90/5523e0e7-f683-4317-bd9e-09b658b129c1-AP24281800432245.jpg,cbs12.com,English,United States
88,https://www.nbcconnecticut.com/news/national-international/biden-10-year-deadline-cities-replace-lead-pipes-safer-drinking-water/3403916/,https://www.nbcconnecticut.com/news/national-international/biden-10-year-deadline-cities-replace-lead-pipes-safer-drinking-water/3403916/?amp=1,Biden sets 10 - year deadline for US cities to replace lead pipes – NBC Connecticut,20241008T171500Z,https://media.nbcconnecticut.com/2024/10/AP24281800432245.jpg?quality=85&strip=all,nbcconnecticut.com,English,United States
89,https://www.channel3000.com/news/biden-sets-a-10-year-deadline-for-us-cities-to-replace-lead-pipes-and-make/article_f09d834a-f5c7-55e4-b6b8-4315ca3a90be.html,,Biden sets a 10 - year deadline for US cities to replace lead pipes and make drinking water safer,20241008T154500Z,https://bloximages.newyork1.vip.townnews.com/channel3000.com/content/tncms/assets/v3/editorial/6/ac/6ac7f530-8581-11ef-8e9f-7f79446b2623/6705415ba7291.image.jpg?crop=1763%2C926%2C0%2C124,channel3000.com,English,United States
90,https://www.krgv.com/news/biden-sets-a-10-year-deadline-for-us-cities-to-replace-lead-pipes-and-make-drinking-water-safer,,Biden sets a 10 - year deadline for US cities to replace lead pipes and make drinking water safer,20241008T183000Z,https://dcer237tfveol.cloudfront.net/v2/-xgU8722WYrwAA9wzLWEGAJOkZ8eHl3YB-DoDX5cPXF7qrILyo_0wUwdt3mUwDvs29_6_rd9KluOig-RcP62Oqtx4p4cWhKzRnMsXQgkJajIRj3m2hm3GxM0Gj0e7s_Ro,krgv.com,English,United States
91,https://www.10news.com/us-news/biden-sets-a-10-year-deadline-for-us-cities-to-replace-lead-pipes-and-make-drinking-water-safer,,Biden sets 10 - year deadline for US cities to replace lead pipes,20241008T124500Z,https://ewscripps.brightspotcdn.com/05/ab/afcaa9164c82a849fb850746c9fb/ap20357796033350.jpg,10news.com,English,United States
92,https://www.durangoherald.com/articles/biden-sets-a-10-year-deadline-for-us-cities-to-replace-lead-pipes-and-make-drinking-water-safer/,,Biden sets a 10 - year deadline for US cities to replace lead pipes and make drinking water safer,20241008T103000Z,https://www.durangoherald.com/wp-content/themes/durango/images/default_article_image_dur.jpeg,durangoherald.com,English,United States
93,https://www.kcrg.com/2024/10/08/biden-sets-10-year-deadline-us-cities-replace-lead-pipes-make-drinking-water-safer/,,LIVE : Biden sets a 10 - year deadline for US cities to replace lead pipes and make drinking water safer,20241008T191500Z,https://gray-kcrg-prod.gtv-cdn.com/resizer/v2/XVJ2PP4JRZPBXKXHMTYZKQ5JWM.jpg?auth=18113fc955301f25bfda0ea182b93bf52243acd33ef16beb8564d556aaf52968&smart=true,kcrg.com,English,United States
94,https://fox17.com/news/nation-world/president-joe-biden-sets-10-year-deadline-to-replace-lead-pipes-ensuring-safe-drinking-water-neurotoxin-flint-michigan-water-crisis-environmental-protection-agency-rule-wisconsin-kamala-harris-presidential-campaign,https://fox17.com/amp/news/nation-world/president-joe-biden-sets-10-year-deadline-to-replace-lead-pipes-ensuring-safe-drinking-water-neurotoxin-flint-michigan-water-crisis-environmental-protection-agency-rule-wisconsin-kamala-harris-presidential-campaign,"Biden sets 10 - year deadline to replace lead pipes , ensuring safe drinking water",20241008T164500Z,https://fox17.com/resources/media2/16x9/1024/986/0x55/90/5523e0e7-f683-4317-bd9e-09b658b129c1-AP24281800432245.jpg,fox17.com,English,United States
95,https://khqa.com/news/nation-world/president-joe-biden-sets-10-year-deadline-to-replace-lead-pipes-ensuring-safe-drinking-water-neurotoxin-flint-michigan-water-crisis-environmental-protection-agency-rule-wisconsin-kamala-harris-presidential-campaign,https://khqa.com/amp/news/nation-world/president-joe-biden-sets-10-year-deadline-to-replace-lead-pipes-ensuring-safe-drinking-water-neurotoxin-flint-michigan-water-crisis-environmental-protection-agency-rule-wisconsin-kamala-harris-presidential-campaign,"Biden sets 10 - year deadline to replace lead pipes , ensuring safe drinking water",20241008T170000Z,https://khqa.com/resources/media2/16x9/1024/986/0x55/90/5523e0e7-f683-4317-bd9e-09b658b129c1-AP24281800432245.jpg,khqa.com,English,United States
96,https://www.centralmaine.com/2024/10/08/biden-sets-10-year-deadline-for-u-s-cities-to-replace-lead-pipes-and-make-drinking-water-safer/,,Biden sets 10 - year deadline for U . S . cities to replace lead pipes and make drinking water safer,20241008T210000Z,,centralmaine.com,English,United States
97,https://www.wmtw.com/article/biden-lead-pipe-replacement-deadline/62539870,,Biden sets a 10 - year deadline for cities to replace lead pipes and make drinking water safer,20241008T133000Z,"https://kubrick.htvapps.com/htv-prod-media.s3.amazonaws.com/images/gettyimages-1204682124-67050f3148699.jpg?crop=1.00xw:0.846xh;0,0",wmtw.com,English,United States
98,https://www.denverpost.com/2024/10/08/biden-nationalwide-lead-pipe-replacement-deadline/,https://www.denverpost.com/2024/10/08/biden-nationalwide-lead-pipe-replacement-deadline/amp/,Biden sets 10 - year deadline for US cities to replace lead pipes nationwide,20241009T023000Z,https://www.denverpost.com/wp-content/uploads/2024/10/Biden_Lead_Pipes_32245.jpg,denverpost.com,English,United States
100,https://www.bostonherald.com/2024/10/08/biden-deadline-replace-lead-pipes/,https://www.bostonherald.com/2024/10/08/biden-deadline-replace-lead-pipes/amp/,Biden sets deadline to replace lead pipes,20241008T164500Z,https://www.bostonherald.com/wp-content/uploads/2024/10/Biden_Lead_Pipes_32245.jpg,bostonherald.com,English,United States
101,https://komonews.com/news/nation-world/a-week-after-helene-hit-thousands-still-without-water-struggle-to-find-enough-asheville-flooding-devastation-to-western-north-carolina-volunteers-no-water-no-power-fema-hurricane-katrina-floodwater,https://komonews.com/amp/news/nation-world/a-week-after-helene-hit-thousands-still-without-water-struggle-to-find-enough-asheville-flooding-devastation-to-western-north-carolina-volunteers-no-water-no-power-fema-hurricane-katrina-floodwater,Infrastructure damage from Helene leaves Asheville in dire need of basic resources,20241006T000000Z,https://komonews.com/resources/media2/16x9/4240/986/0x224/90/781115a6-befd-4d04-900a-b84d4a654025-AP24277793778868.jpg,komonews.com,English,United States
102,https://www.pilotonline.com/2024/10/08/biden-deadline-replace-lead-pipes/,,Biden sets deadline to replace lead pipes,20241008T164500Z,https://www.pilotonline.com/wp-content/uploads/2024/10/Biden_Lead_Pipes_32245.jpg,pilotonline.com,English,United States
103,https://triblive.com/news/world/biden-sets-10-year-deadline-for-cities-to-replace-lead-pipes-nationwide/,,Biden sets 10 - year deadline for cities to replace lead pipes nationwide,20241009T080000Z,https://assets-varnish.triblive.com/2024/10/7814516_web1_7814516-7306669f10eb463d97bbd097f3a5a8ff.jpg,triblive.com,English,United States
104,https://1520theticket.com/ixp/67/p/the-wjon-current-events-quiz-for-friday-sept-27-2024/,,"The WJON Current Events Quiz for Friday , Sept . 27 , 2024",20240928T011500Z,https://townsquare.media/site/67/files/2024/09/attachment-NewsQuiz-9-27-24.jpg?&q=75&format=natural,1520theticket.com,English,United States
105,https://kfilradio.com/ixp/67/p/the-wjon-current-events-quiz-for-friday-sept-27-2024/,,"The WJON Current Events Quiz for Friday , Sept . 27 , 2024",20240928T011500Z,https://townsquare.media/site/67/files/2024/09/attachment-NewsQuiz-9-27-24.jpg?&q=75&format=natural,kfilradio.com,English,United States
106,https://www.newdelhitimes.com/a-week-after-helene-hit-thousands-still-without-water-struggle-to-find-enough/,,"A week after Helene hit , thousands still without water struggle to find enough",20241005T123000Z,https://i0.wp.com/www.newdelhitimes.com/wp-content/uploads/2024/10/Screenshot-2024-10-05-093051.png?fit=881%2C550&quality=80&ssl=1,newdelhitimes.com,English,United States
107,https://www.necn.com/news/national-international/a-week-after-helene-hit-thousands-still-without-water-struggle-to-find-enough/3350476/,https://www.necn.com/news/national-international/a-week-after-helene-hit-thousands-still-without-water-struggle-to-find-enough/3350476/?amp=1,Helene leaves many in North Carolina without water a week later – NECN,20241005T071500Z,https://media.necn.com/2024/10/AP24276542707292.jpg?quality=85&strip=all,necn.com,English,United States
108,https://www.9and10news.com/2024/10/08/biden-sets-10-year-deadline-for-cities-to-replace-lead-pipes-and-make-drinking-water-safer/,,Biden sets 10 - year deadline for cities to replace lead pipes and make drinking water safer,20241008T161500Z,,9and10news.com,English,United States
109,https://www.wcti12.com/news/nation-world/a-week-after-helene-hit-thousands-still-without-water-struggle-to-find-enough-asheville-flooding-devastation-to-western-north-carolina-volunteers-no-water-no-power-fema-hurricane-katrina-floodwater,https://wcti12.com/amp/news/nation-world/a-week-after-helene-hit-thousands-still-without-water-struggle-to-find-enough-asheville-flooding-devastation-to-western-north-carolina-volunteers-no-water-no-power-fema-hurricane-katrina-floodwater,Infrastructure damage from Helene leaves Asheville in dire need of basic resources,20241005T230000Z,https://wcti12.com/resources/media2/16x9/4240/986/0x224/90/781115a6-befd-4d04-900a-b84d4a654025-AP24277793778868.jpg,wcti12.com,English,United States
110,https://www.nbcdfw.com/news/national-international/a-week-after-helene-hit-thousands-still-without-water-struggle-to-find-enough/3663360/,https://www.nbcdfw.com/news/national-international/a-week-after-helene-hit-thousands-still-without-water-struggle-to-find-enough/3663360/?amp=1,Helene leaves many in North Carolina without water a week later – NBC 5 Dallas - Fort Worth,20241005T070000Z,https://media.nbcdfw.com/2024/10/AP24276542707292.jpg?quality=85&strip=all,nbcdfw.com,English,United States
111,https://wjla.com/news/nation-world/a-week-after-helene-hit-thousands-still-without-water-struggle-to-find-enough-asheville-flooding-devastation-to-western-north-carolina-volunteers-no-water-no-power-fema-hurricane-katrina-floodwater,https://wjla.com/amp/news/nation-world/a-week-after-helene-hit-thousands-still-without-water-struggle-to-find-enough-asheville-flooding-devastation-to-western-north-carolina-volunteers-no-water-no-power-fema-hurricane-katrina-floodwater,Infrastructure damage from Helene leaves Asheville in dire need of basic resources,20241006T013000Z,https://wjla.com/resources/media2/16x9/4240/986/0x224/90/781115a6-befd-4d04-900a-b84d4a654025-AP24277793778868.jpg,wjla.com,English,United States
112,https://www.nbcbayarea.com/news/national-international/a-week-after-helene-hit-thousands-still-without-water-struggle-to-find-enough/3672004/,https://www.nbcbayarea.com/news/national-international/a-week-after-helene-hit-thousands-still-without-water-struggle-to-find-enough/3672004/?amp=1,Helene leaves many in North Carolina without water a week later – NBC Bay Area,20241005T044500Z,https://media.nbcbayarea.com/2024/10/AP24276542707292.jpg?quality=85&strip=all,nbcbayarea.com,English,United States
113,https://www.nbcchicago.com/news/national-international/a-week-after-helene-hit-thousands-still-without-water-struggle-to-find-enough/3565870/,https://www.nbcchicago.com/news/national-international/a-week-after-helene-hit-thousands-still-without-water-struggle-to-find-enough/3565870/?amp=1,Helene leaves many in North Carolina without water a week later – NBC Chicago,20241005T061500Z,https://media.nbcchicago.com/2024/10/AP24276542707292.jpg?quality=85&strip=all,nbcchicago.com,English,United States
114,https://13wham.com/news/nation-world/a-week-after-helene-hit-thousands-still-without-water-struggle-to-find-enough-asheville-flooding-devastation-to-western-north-carolina-volunteers-no-water-no-power-fema-hurricane-katrina-floodwater,https://13wham.com/amp/news/nation-world/a-week-after-helene-hit-thousands-still-without-water-struggle-to-find-enough-asheville-flooding-devastation-to-western-north-carolina-volunteers-no-water-no-power-fema-hurricane-katrina-floodwater,Infrastructure damage from Helene leaves Asheville in dire need of basic resources,20241006T003000Z,https://13wham.com/resources/media2/16x9/4240/986/0x224/90/781115a6-befd-4d04-900a-b84d4a654025-AP24277793778868.jpg,13wham.com,English,United States
115,https://knpr.org/npr/2024-10-08/biden-sets-10-year-deadline-for-u-s-cities-to-replace-lead-pipes-nationwide,,Biden sets 10 - year deadline for U . S . cities to replace lead pipes nationwide,20241009T054500Z,http://npr-brightspot.s3.amazonaws.com/0f/7c/ef28c54f45a8b4335f9faa9871a8/ap24282704543612.jpg,knpr.org,English,United States
116,https://www.krem.com/article/news/nation-world/biden-sets-10-year-deadline-to-replace-lead-pipes/507-3e118155-a8c7-4a10-8bcd-b2c7a6f929fa,,Biden sets 10 - year deadline to replace lead pipes nationwide,20241009T001500Z,https://media.krem.com/assets/CCT/images/a0adfc4b-c023-43e2-bf9a-23a9b9084b78/20241008T205424/a0adfc4b-c023-43e2-bf9a-23a9b9084b78_1140x641.jpg,krem.com,English,United States
117,https://wwmt.com/news/nation-world/a-week-after-helene-hit-thousands-still-without-water-struggle-to-find-enough-asheville-flooding-devastation-to-western-north-carolina-volunteers-no-water-no-power-fema-hurricane-katrina-floodwater,https://wwmt.com/amp/news/nation-world/a-week-after-helene-hit-thousands-still-without-water-struggle-to-find-enough-asheville-flooding-devastation-to-western-north-carolina-volunteers-no-water-no-power-fema-hurricane-katrina-floodwater,Infrastructure damage from Helene leaves Asheville in dire need of basic resources,20241006T000000Z,https://wwmt.com/resources/media2/16x9/4240/986/0x224/90/781115a6-befd-4d04-900a-b84d4a654025-AP24277793778868.jpg,wwmt.com,English,United States
118,https://www.capitalgazette.com/2024/10/08/biden-deadline-replace-lead-pipes/,,Biden sets deadline to replace lead pipes,20241008T210000Z,https://www.capitalgazette.com/wp-content/uploads/2024/10/Biden_Lead_Pipes_32245.jpg,capitalgazette.com,English,United States
119,https://katv.com/news/nation-world/a-week-after-helene-hit-thousands-still-without-water-struggle-to-find-enough-asheville-flooding-devastation-to-western-north-carolina-volunteers-no-water-no-power-fema-hurricane-katrina-floodwater,https://katv.com/amp/news/nation-world/a-week-after-helene-hit-thousands-still-without-water-struggle-to-find-enough-asheville-flooding-devastation-to-western-north-carolina-volunteers-no-water-no-power-fema-hurricane-katrina-floodwater,Infrastructure damage from Helene leaves Asheville in dire need of basic resources,20241006T010000Z,https://katv.com/resources/media2/16x9/4240/986/0x224/90/781115a6-befd-4d04-900a-b84d4a654025-AP24277793778868.jpg,katv.com,English,United States
120,https://www.wcyb.com/news/nation-world/a-week-after-helene-hit-thousands-still-without-water-struggle-to-find-enough-asheville-flooding-devastation-to-western-north-carolina-volunteers-no-water-no-power-fema-hurricane-katrina-floodwater,https://wcyb.com/amp/news/nation-world/a-week-after-helene-hit-thousands-still-without-water-struggle-to-find-enough-asheville-flooding-devastation-to-western-north-carolina-volunteers-no-water-no-power-fema-hurricane-katrina-floodwater,Infrastructure damage from Helene leaves Asheville in dire need of basic resources,20241006T023000Z,https://wcyb.com/resources/media2/16x9/4240/986/0x224/90/781115a6-befd-4d04-900a-b84d4a654025-AP24277793778868.jpg,wcyb.com,English,United States
121,https://cnycentral.com/news/nation-world/president-joe-biden-sets-10-year-deadline-to-replace-lead-pipes-ensuring-safe-drinking-water-neurotoxin-flint-michigan-water-crisis-environmental-protection-agency-rule-wisconsin-kamala-harris-presidential-campaign,https://cnycentral.com/amp/news/nation-world/president-joe-biden-sets-10-year-deadline-to-replace-lead-pipes-ensuring-safe-drinking-water-neurotoxin-flint-michigan-water-crisis-environmental-protection-agency-rule-wisconsin-kamala-harris-presidential-campaign,"Biden sets 10 - year deadline to replace lead pipes , ensuring safe drinking water",20241008T154500Z,https://cnycentral.com/resources/media2/16x9/1024/986/0x55/90/5523e0e7-f683-4317-bd9e-09b658b129c1-AP24281800432245.jpg,cnycentral.com,English,United States
122,https://www.fox61.com/article/news/nation-world/biden-sets-10-year-deadline-to-replace-lead-pipes/507-3e118155-a8c7-4a10-8bcd-b2c7a6f929fa,,Biden sets 10 - year deadline to replace lead pipes nationwide,20241009T021500Z,https://media.tegna-media.com/assets/CCT/images/a0adfc4b-c023-43e2-bf9a-23a9b9084b78/20241008T205424/a0adfc4b-c023-43e2-bf9a-23a9b9084b78_1140x641.jpg,fox61.com,English,United States
123,https://wsbt.com/news/nation-world/a-week-after-helene-hit-thousands-still-without-water-struggle-to-find-enough-asheville-flooding-devastation-to-western-north-carolina-volunteers-no-water-no-power-fema-hurricane-katrina-floodwater,https://wsbt.com/amp/news/nation-world/a-week-after-helene-hit-thousands-still-without-water-struggle-to-find-enough-asheville-flooding-devastation-to-western-north-carolina-volunteers-no-water-no-power-fema-hurricane-katrina-floodwater,Infrastructure damage from Helene leaves Asheville in dire need of basic resources,20241006T000000Z,https://wsbt.com/resources/media2/16x9/4240/986/0x224/90/781115a6-befd-4d04-900a-b84d4a654025-AP24277793778868.jpg,wsbt.com,English,United States
124,https://kfdm.com/news/nation-world/a-week-after-helene-hit-thousands-still-without-water-struggle-to-find-enough-asheville-flooding-devastation-to-western-north-carolina-volunteers-no-water-no-power-fema-hurricane-katrina-floodwater,https://kfdm.com/amp/news/nation-world/a-week-after-helene-hit-thousands-still-without-water-struggle-to-find-enough-asheville-flooding-devastation-to-western-north-carolina-volunteers-no-water-no-power-fema-hurricane-katrina-floodwater,Infrastructure damage from Helene leaves Asheville in dire need of basic resources,20241006T003000Z,https://kfdm.com/resources/media2/16x9/4240/986/0x224/90/781115a6-befd-4d04-900a-b84d4a654025-AP24277793778868.jpg,kfdm.com,English,United States
125,https://www.wtol.com/article/news/nation-world/biden-sets-10-year-deadline-to-replace-lead-pipes/507-3e118155-a8c7-4a10-8bcd-b2c7a6f929fa,,Biden sets 10 - year deadline to replace lead pipes nationwide,20241009T004500Z,https://media.wtol.com/assets/CCT/images/a0adfc4b-c023-43e2-bf9a-23a9b9084b78/20241008T205424/a0adfc4b-c023-43e2-bf9a-23a9b9084b78_1140x641.jpg,wtol.com,English,United States
126,https://www.oaoa.com/local-news/biden-sets-a-10-year-deadline-for-us-cities-to-replace-lead-pipes-and-make-drinking-water-safer/,,Biden sets a 10 - year deadline for US cities to replace lead pipes and make drinking water safer,20241008T154500Z,https://www.oaoa.com/wp-content/uploads/2024/10/AP24281800432245.jpg,oaoa.com,English,United States
127,https://www.smdailyjournal.com/news/national/biden-sets-10-year-deadline-for-us-cities-to-replace-lead-pipes-nationwide/article_b2ad2ad0-85b5-11ef-99ee-5fe831033000.html,,Biden sets 10 - year deadline for US cities to replace lead pipes nationwide,20241009T031500Z,https://bloximages.newyork1.vip.townnews.com/smdailyjournal.com/content/tncms/assets/v3/editorial/4/36/4368c50c-85b6-11ef-be63-a32aa74ef68d/67059a23d23c5.image.jpg?crop=1763%2C926%2C0%2C124,smdailyjournal.com,English,United States
128,https://www.npr.org/2024/10/08/g-s1-27109/biden-sets-10-year-deadline-for-u-s-cities-to-replace-lead-pipes-nationwide,,Biden requires U . S . cities to replace lead pipes nationwide : NPR,20241009T061500Z,http://npr-brightspot.s3.amazonaws.com/0f/7c/ef28c54f45a8b4335f9faa9871a8/ap24282704543612.jpg,npr.org,English,United States
129,https://cbs12.com/news/nation-world/a-week-after-helene-hit-thousands-still-without-water-struggle-to-find-enough-asheville-flooding-devastation-to-western-north-carolina-volunteers-no-water-no-power-fema-hurricane-katrina-floodwater,https://cbs12.com/amp/news/nation-world/a-week-after-helene-hit-thousands-still-without-water-struggle-to-find-enough-asheville-flooding-devastation-to-western-north-carolina-volunteers-no-water-no-power-fema-hurricane-katrina-floodwater,Infrastructure damage from Helene leaves Asheville in dire need of basic resources,20241005T231500Z,https://cbs12.com/resources/media2/16x9/4240/986/0x224/90/781115a6-befd-4d04-900a-b84d4a654025-AP24277793778868.jpg,cbs12.com,English,United States
130,https://whdh.com/news/a-week-after-helene-hit-thousands-still-without-water-struggle-to-find-enough/,,"A week after Helene hit , thousands still without water struggle to find enough - Boston News , Weather , Sports",20241006T003000Z,,whdh.com,English,United States
131,https://www.boston.com/news/national-news/2024/10/04/a-week-after-helene-hit-thousands-still-without-water-struggle-to-find-enough/,https://www.boston.com/news/national-news/2024/10/04/a-week-after-helene-hit-thousands-still-without-water-struggle-to-find-enough/?amp=1,"A week after Helene hit , thousands still without water struggle to find enough",20241005T053000Z,https://bdc2020.o0bc.com/wp-content/uploads/2024/10/AP24276542707292-6700aa15b56e0-768x432.jpg,boston.com,English,United States
133,https://triblive.com/news/world/a-week-after-helene-hit-thousands-still-without-water-struggle-to-find-enough/,,"A week after Helene hit , thousands still without water struggle to find enough",20241006T000000Z,https://assets-varnish.triblive.com/2024/10/7804940_web1_7804940-9406fc119e5a42a19523a503e0601ebb.jpg,triblive.com,English,United States
134,https://www.ksat.com/news/national/2024/10/04/a-week-after-helene-hit-thousands-still-without-water-struggle-to-find-enough/,,"A week after Helene hit , thousands still without water struggle to find enough",20241004T210000Z,"https://res.cloudinary.com/graham-media-group/image/upload/f_auto/q_auto/c_thumb,w_700/v1/media/gmg/4F5KPOWK5ZFP3NFR3MI7HJJDHY.jpg?_a=DATAg1fiZAA0",ksat.com,English,United States
135,https://www.clickondetroit.com/news/national/2024/10/04/a-week-after-helene-hit-thousands-still-without-water-struggle-to-find-enough/,,"A week after Helene hit , thousands still without water struggle to find enough",20241004T223000Z,"https://res.cloudinary.com/graham-media-group/image/upload/f_auto/q_auto/c_thumb,w_700/v1/media/gmg/4F5KPOWK5ZFP3NFR3MI7HJJDHY.jpg?_a=DATAg1fiZAA0",clickondetroit.com,English,United States
136,https://www.click2houston.com/news/national/2024/10/04/a-week-after-helene-hit-thousands-still-without-water-struggle-to-find-enough/,,"A week after Helene hit , thousands still without water struggle to find enough",20241004T190000Z,"https://res.cloudinary.com/graham-media-group/image/upload/f_auto/q_auto/c_thumb,w_700/v1/media/gmg/4F5KPOWK5ZFP3NFR3MI7HJJDHY.jpg?_a=DATAg1fiZAA0",click2houston.com,English,United States
137,https://www.eagletribune.com/region/a-week-after-helene-hit-thousands-still-without-water-struggle-to-find-enough/article_3efff0de-f791-5c06-b13a-2133ddc9cc72.html,,"A week after Helene hit , thousands still without water struggle to find enough",20241004T203000Z,https://bloximages.chicago2.vip.townnews.com/eagletribune.com/content/tncms/assets/v3/editorial/a/bc/abc5a1c9-fd9c-58be-b8c7-88cc00807db5/67003cf1f40fc.image.jpg?crop=1763%2C926%2C0%2C124,eagletribune.com,English,United States
138,https://newschannel20.com/news/nation-world/a-week-after-helene-hit-thousands-still-without-water-struggle-to-find-enough-asheville-flooding-devastation-to-western-north-carolina-volunteers-no-water-no-power-fema-hurricane-katrina-floodwater,https://newschannel20.com/amp/news/nation-world/a-week-after-helene-hit-thousands-still-without-water-struggle-to-find-enough-asheville-flooding-devastation-to-western-north-carolina-volunteers-no-water-no-power-fema-hurricane-katrina-floodwater,Infrastructure damage from Helene leaves Asheville in dire need of basic resources,20241006T000000Z,https://newschannel20.com/resources/media2/16x9/4240/986/0x224/90/781115a6-befd-4d04-900a-b84d4a654025-AP24277793778868.jpg,newschannel20.com,English,United States
139,https://www.thegazette.com/environment-nature/biden-sets-a-10-year-deadline-for-u-s-cities-to-replace-lead-pipes-and-make-drinking-water-safer/,,Biden sets a 10 - year deadline for U . S . cities to replace lead pipes,20241008T203000Z,https://imengine.public.prod.cdr.navigacloud.com/?uuid=4e0c8330-6dfb-5654-924e-77ec9293efac&type=preview&q=75,thegazette.com,English,United States
140,https://www.news4jax.com/news/national/2024/10/04/a-week-after-helene-hit-thousands-still-without-water-struggle-to-find-enough/,,"A week after Helene hit , thousands still without water struggle to find enough",20241004T203000Z,"https://res.cloudinary.com/graham-media-group/image/upload/f_auto/q_auto/c_thumb,w_700/v1/media/gmg/4F5KPOWK5ZFP3NFR3MI7HJJDHY.jpg?_a=DATAg1fiZAA0",news4jax.com,English,United States
141,https://www.kalw.org/npr-news/2024-10-08/biden-sets-10-year-deadline-for-u-s-cities-to-replace-lead-pipes-nationwide,,Biden sets 10 - year deadline for U . S . cities to replace lead pipes nationwide,20241009T050000Z,http://npr-brightspot.s3.amazonaws.com/0f/7c/ef28c54f45a8b4335f9faa9871a8/ap24282704543612.jpg,kalw.org,English,United States
142,https://www.clickorlando.com/news/national/2024/10/04/a-week-after-helene-hit-thousands-still-without-water-struggle-to-find-enough/,,"A week after Helene hit , thousands still without water struggle to find enough",20241004T223000Z,"https://res.cloudinary.com/graham-media-group/image/upload/f_auto/q_auto/c_thumb,w_700/v1/media/gmg/4F5KPOWK5ZFP3NFR3MI7HJJDHY.jpg?_a=DATAg1fiZAA0",clickorlando.com,English,United States
143,https://gazette.com/ap/national/a-week-after-helene-hit-thousands-still-without-water-struggle-to-find-enough/article_cb01114c-c3da-571f-95fd-6cf19a54e5ca.html,https://gazette.com/ap/national/a-week-after-helene-hit-thousands-still-without-water-struggle-to-find-enough/article_cb01114c-c3da-571f-95fd-6cf19a54e5ca.amp.html,"A week after Helene hit , thousands still without water struggle to find enough",20241005T040000Z,https://bloximages.newyork1.vip.townnews.com/gazette.com/content/tncms/assets/v3/editorial/7/78/778cc2f9-6f46-5f76-97eb-633fbaeccb1e/66fd7a0373af5.image.jpg?crop=1763%2C926%2C0%2C124,gazette.com,English,United States
144,https://www.wpsdlocal6.com/news/biden-sets-a-10-year-deadline-for-us-cities-to-replace-lead-pipes-and-make/article_1a22e3ba-856d-11ef-8d64-2f1a4878ffb5.html,,Biden sets a 10 - year deadline for US cities to replace lead pipes and make drinking water safer,20241008T171500Z,https://bloximages.newyork1.vip.townnews.com/wpsdlocal6.com/content/tncms/assets/v3/editorial/1/a2/1a22e3ba-856d-11ef-8d64-2f1a4878ffb5/67052124024c9.preview.jpg?crop=1280%2C672%2C0%2C144,wpsdlocal6.com,English,United States
145,https://www.klove.com/news/health/i-would-love-a-shower-1-week-after-hurricane-hit-thousands-remain-without-safe-water-52315,,"  I Would Love A Shower  - 1 Week After Hurricane Hit , Thousands Remain Without Safe Water",20241004T223000Z,https://cdn.corpemf.com/news/88333.jpg,klove.com,English,United States
146,https://www.wcax.com/2024/10/04/week-after-helene-hit-thousands-still-without-water-struggle-find-enough/,https://www.wcax.com/2024/10/04/week-after-helene-hit-thousands-still-without-water-struggle-find-enough/?outputType=amp,"A week after Helene hit , thousands still without water struggle to find enough",20241004T234500Z,https://gray-wcax-prod.gtv-cdn.com/resizer/v2/PPDHITV4FESJUGGP2I4TGLZ7KA.jpg?auth=7aebef42af9bf28107e6984183421d7c97e309036c197a04b37eae1a92be9fca&smart=true,wcax.com,English,United States
147,https://www.channel3000.com/news/a-week-after-helene-hit-thousands-still-without-water-struggle-to-find-enough/article_aa624336-9d1a-54ff-9a31-9f5807904cd6.html,,"A week after Helene hit , thousands still without water struggle to find enough",20241005T053000Z,https://bloximages.newyork1.vip.townnews.com/channel3000.com/content/tncms/assets/v3/editorial/0/ab/0ab89be8-8247-592d-88ac-b85ba13522a2/6700904747946.image.jpg?crop=1763%2C926%2C0%2C124,channel3000.com,English,United States
148,https://www.bangordailynews.com/2024/10/04/nation/a-week-after-helene-hit-thousands-still-without-water-struggle-to-find-enough/,,"A week after Helene hit , thousands still without water struggle to find enough",20241005T014500Z,https://i0.wp.com/bdn-data.s3.amazonaws.com/uploads/2024/10/preview-77.jpg?fit=1024%2C683&ssl=1,bangordailynews.com,English,United States
149,https://lasvegassun.com/news/2024/oct/04/a-week-after-helene-hit-thousands-still-without-wa/,,"A week after Helene hit , thousands still without water struggle to find enough",20241006T024500Z,,lasvegassun.com,English,United States
150,https://www.wsls.com/news/national/2024/10/04/a-week-after-helene-hit-thousands-still-without-water-struggle-to-find-enough/,,"A week after Helene hit , thousands still without water struggle to find enough",20241004T211500Z,"https://res.cloudinary.com/graham-media-group/image/upload/f_auto/q_auto/c_thumb,w_700/v1/media/gmg/4F5KPOWK5ZFP3NFR3MI7HJJDHY.jpg?_a=DATAg1fiZAA0",wsls.com,English,United States
151,https://wacotrib.com/ap/national/a-week-after-helene-hit-thousands-still-without-water-struggle-to-find-enough/article_af89a8e3-0775-5db4-ae8a-2e03d5ebd85b.html,,"A week after Helene hit , thousands still without water struggle to find enough",20241004T191500Z,https://bloximages.chicago2.vip.townnews.com/wacotrib.com/content/tncms/assets/v3/editorial/8/2b/82b24016-6528-58f9-8857-807ff7d81513/66fd79b21a877.image.jpg?crop=1763%2C926%2C0%2C124,wacotrib.com,English,United States
152,https://www.wsbradio.com/news/national/week-after-helene/DPXZ2ORWHFDTZAEDWT4C6BKHSI/,https://www.wsbradio.com/news/national/week-after-helene/DPXZ2ORWHFDTZAEDWT4C6BKHSI/?outputType=amp,"A week after Helene hit , thousands still without water struggle to find enough",20241004T214500Z,https://cmg-cmg-rd-20021-prod.cdn.arcpublishing.com/resizer/UpnXbhm5f_HMKYqoTvrcmzCNT60=/1440x810/filters:format(jpg):quality(70)/cloudfront-us-east-1.images.arcpublishing.com/cmg/AQC3TCEA6HZ33RYCFSP2KLLUEE.jpg,wsbradio.com,English,United States
153,https://www.capeandislands.org/2024-10-08/biden-sets-10-year-deadline-for-u-s-cities-to-replace-lead-pipes-nationwide,https://www.capeandislands.org/2024-10-08/biden-sets-10-year-deadline-for-u-s-cities-to-replace-lead-pipes-nationwide?_amp=true,Biden sets 10 - year deadline for U . S . cities to replace lead pipes nationwide,20241009T083000Z,http://npr-brightspot.s3.amazonaws.com/0f/7c/ef28c54f45a8b4335f9faa9871a8/ap24282704543612.jpg,capeandislands.org,English,United States
154,https://www.kxly.com/news/biden-sets-a-10-year-deadline-for-us-cities-to-replace-lead-pipes-and-make/article_20497763-5fa7-5d79-8135-3f4465c31aa9.html,,Biden sets a 10 - year deadline for US cities to replace lead pipes and make drinking water safer,20241009T023000Z,https://bloximages.newyork1.vip.townnews.com/kxly.com/content/tncms/assets/v3/editorial/f/7a/f7a6ab12-c274-11ed-bb2c-b7bc15ac8916/64108598eefa9.image.jpg?crop=1763%2C926%2C0%2C124,kxly.com,English,United States
155,https://www.wboc.com/news/national/a-week-after-helene-hit-thousands-still-without-water-struggle-to-find-enough/article_5487d424-0dec-5c9d-b96e-619e411b93f6.html,,"A week after Helene hit , thousands still without water struggle to find enough",20241004T203000Z,https://bloximages.newyork1.vip.townnews.com/wboc.com/content/tncms/assets/v3/editorial/2/ad/2ad7424f-b5c4-5356-91c5-cf4ef34b75ca/67002e5a9ddbe.image.jpg?crop=1763%2C926%2C0%2C124,wboc.com,English,United States
156,https://www.wbng.com/2024/10/08/biden-sets-10-year-deadline-us-cities-replace-lead-pipes-make-drinking-water-safer/,https://www.wbng.com/2024/10/08/biden-sets-10-year-deadline-us-cities-replace-lead-pipes-make-drinking-water-safer/?outputType=amp,Biden sets a 10 - year deadline for US cities to replace lead pipes and make drinking water safer,20241008T233000Z,https://gray-wbng-prod.gtv-cdn.com/resizer/v2/XVJ2PP4JRZPBXKXHMTYZKQ5JWM.jpg?auth=18113fc955301f25bfda0ea182b93bf52243acd33ef16beb8564d556aaf52968&smart=true,wbng.com,English,United States
157,https://www.chicoer.com/2024/10/08/biden-deadline-replace-lead-pipes/,https://www.chicoer.com/2024/10/08/biden-deadline-replace-lead-pipes/amp/,Biden sets deadline to replace lead pipes,20241008T163000Z,https://www.chicoer.com/wp-content/uploads/2024/10/Biden_Lead_Pipes_32245.jpg,chicoer.com,English,United States
158,https://www.kake.com/news/national/biden-sets-a-10-year-deadline-for-us-cities-to-replace-lead-pipes-and-make/article_bcee01c9-fc56-535c-8916-0c24a11b4bf3.html,,Biden sets a 10 - year deadline for US cities to replace lead pipes and make drinking water safer,20241008T191500Z,https://bloximages.chicago2.vip.townnews.com/kake.com/content/tncms/assets/v3/editorial/8/df/8dfad4ae-8596-11ef-be77-4f7461f7f9cd/670564d38835d.image.jpg?crop=1440%2C756%2C0%2C104,kake.com,English,United States
159,https://www.whig.com/ap/national/a-week-after-helene-hit-thousands-still-without-water-struggle-to-find-enough/article_85852528-0930-5347-9663-251b1141984f.html,,"A week after Helene hit , thousands still without water struggle to find enough",20241004T211500Z,https://bloximages.newyork1.vip.townnews.com/whig.com/content/tncms/assets/v3/editorial/c/02/c0202047-43b1-5aad-9ee1-7a65b289d6be/66fd7a0e97053.image.jpg?crop=1763%2C926%2C0%2C124,whig.com,English,United States
160,https://www.gjsentinel.com/news/us/a-week-after-helene-hit-thousands-still-without-water-struggle-to-find-enough/article_b839d5c1-73e9-5a75-91c7-e2cf44b9677c.html,https://www.gjsentinel.com/news/us/a-week-after-helene-hit-thousands-still-without-water-struggle-to-find-enough/article_b839d5c1-73e9-5a75-91c7-e2cf44b9677c.amp.html,"A week after Helene hit , thousands still without water struggle to find enough",20241004T203000Z,https://bloximages.newyork1.vip.townnews.com/gjsentinel.com/content/tncms/assets/v3/editorial/f/34/f34d89d3-f970-5ef2-8003-54cd8140c145/66fd6174073cb.image.jpg?crop=1763%2C926%2C0%2C124,gjsentinel.com,English,United States
161,https://www.hawaiipublicradio.org/the-conversation/2024-10-09/state-promotes-cybersecurity-awareness-month-following-recent-hacks,,State promotes Cybersecurity Awareness Month following recent hacks,20241010T051500Z,http://npr-brightspot.s3.amazonaws.com/e9/e5/7a8b7f4f4b37b6d4a2aa6a940a99/ap23220568570699.jpg,hawaiipublicradio.org,English,United States
162,https://www.yakimaherald.com/news/nation_and_world/nation/a-week-after-helene-hit-thousands-still-without-water-struggle-to-find-enough/article_8920ecd9-e3ad-52fe-8c34-08b15ec7ea8e.html,https://www.yakimaherald.com/news/nation_and_world/nation/a-week-after-helene-hit-thousands-still-without-water-struggle-to-find-enough/article_8920ecd9-e3ad-52fe-8c34-08b15ec7ea8e.amp.html,"A week after Helene hit , thousands still without water struggle to find enough",20241005T043000Z,https://bloximages.newyork1.vip.townnews.com/yakimaherald.com/content/tncms/assets/v3/editorial/1/a6/1a693993-eb69-59dd-b17a-09884ffa7948/66fd7999cd35b.image.jpg?crop=1763%2C926%2C0%2C124,yakimaherald.com,English,United States
163,https://www.sun-sentinel.com/2024/10/04/helene-water-infrastructure/,,Thousands still without water after Helene,20241004T204500Z,https://www.sun-sentinel.com/wp-content/uploads/2024/10/Hurricane_Helene_05361.jpg,sun-sentinel.com,English,United States
164,https://www.orlandosentinel.com/2024/10/04/helene-water-infrastructure/,,Thousands still without water after Helene,20241005T004500Z,https://www.orlandosentinel.com/wp-content/uploads/2024/10/Hurricane_Helene_05361.jpg,orlandosentinel.com,English,United States
165,https://www.sandiegouniontribune.com/2024/10/04/helene-water-infrastructure/,,Thousands still without water after Helene,20241004T220000Z,https://www.sandiegouniontribune.com/wp-content/uploads/2024/10/Hurricane_Helene_05361.jpg,sandiegouniontribune.com,English,United States
166,https://www.bostonherald.com/2024/10/04/helene-water-infrastructure/,https://www.bostonherald.com/2024/10/04/helene-water-infrastructure/amp/,Thousands still without water after Helene,20241004T213000Z,https://www.bostonherald.com/wp-content/uploads/2024/10/Hurricane_Helene_05361.jpg,bostonherald.com,English,United States
167,https://bakersfieldnow.com/news/nation-world/a-week-after-helene-hit-thousands-still-without-water-struggle-to-find-enough-asheville-flooding-devastation-to-western-north-carolina-volunteers-no-water-no-power-fema-hurricane-katrina-floodwater,https://bakersfieldnow.com/amp/news/nation-world/a-week-after-helene-hit-thousands-still-without-water-struggle-to-find-enough-asheville-flooding-devastation-to-western-north-carolina-volunteers-no-water-no-power-fema-hurricane-katrina-floodwater,Infrastructure damage from Helene leaves Asheville in dire need of basic resources,20241005T223000Z,https://bakersfieldnow.com/resources/media2/16x9/4240/986/0x224/90/781115a6-befd-4d04-900a-b84d4a654025-AP24277793778868.jpg,bakersfieldnow.com,English,United States
168,https://www.insidermonkey.com/blog/8-best-water-stocks-to-invest-in-1358194/,https://www.insidermonkey.com/blog/8-best-water-stocks-to-invest-in-1358194/?amp=1,8 Best Water Stocks To Invest In - Insider Monkey,20240926T234500Z,https://d2gr5kl7dt2z3t.cloudfront.net/blog/wp-content/uploads/2023/11/14181355/MSEX-insidermonkey-1700003631681.jpg,insidermonkey.com,English,United States
169,https://www.insidermonkey.com/blog/is-crown-castle-inc-nysecci-the-most-popular-stock-among-mutual-funds-according-to-goldman-sachs-1370721/,https://www.insidermonkey.com/blog/is-crown-castle-inc-nysecci-the-most-popular-stock-among-mutual-funds-according-to-goldman-sachs-1370721/?amp=1,Is Crown Castle Inc . ( NYSE : CCI ) The Most Popular Stock Among Mutual Funds According To Goldman Sachs ? ,20241011T004500Z,https://d2gr5kl7dt2z3t.cloudfront.net/blog/wp-content/uploads/2017/02/07031506/shutterstock_459896185.jpg,insidermonkey.com,English,United States
170,https://www.delcotimes.com/2024/10/04/helene-water-infrastructure/,https://www.delcotimes.com/2024/10/04/helene-water-infrastructure/amp/,Thousands still without water after Helene,20241004T214500Z,https://www.delcotimes.com/wp-content/uploads/2024/10/Hurricane_Helene_05361.jpg,delcotimes.com,English,United States
171,https://www.capitalgazette.com/2024/10/04/helene-water-infrastructure/,,Thousands still without water after Helene,20241004T233000Z,https://www.capitalgazette.com/wp-content/uploads/2024/10/Hurricane_Helene_05361.jpg,capitalgazette.com,English,United States
172,https://www.insidermonkey.com/blog/is-veralto-corp-vlto-the-best-young-stock-to-buy-now-1362582/,https://www.insidermonkey.com/blog/is-veralto-corp-vlto-the-best-young-stock-to-buy-now-1362582/?amp=1,Is Veralto Corp . ( VLTO ) the Best Young Stock To Buy Now ? ,20240929T063000Z,https://d2gr5kl7dt2z3t.cloudfront.net/blog/wp-content/uploads/2023/11/14181355/MSEX-insidermonkey-1700003631681.jpg,insidermonkey.com,English,United States
173,https://www.ibj.com/articles/in-landmark-move-epa-requires-removal-of-all-lead-pipes-within-10-years,,"In landmark move , EPA requires removal of all lead pipes within 10 years – Indianapolis Business Journal",20241009T044500Z,https://www.ibj.com/wp-content/uploads/2023/03/water-faucet-e1678807197248.jpg,ibj.com,English,United States
174,https://www.chicoer.com/2024/10/04/helene-water-infrastructure/,https://www.chicoer.com/2024/10/04/helene-water-infrastructure/amp/,Thousands still without water after Helene,20241004T221500Z,https://www.chicoer.com/wp-content/uploads/2024/10/Hurricane_Helene_05361.jpg,chicoer.com,English,United States
175,https://www.ajc.com/news/investigations/what-prolonged-atlantas-water-crisis-key-equipment-that-went-untested/JGPUXTKJEJHMJBWNWGPOULEZQQ/,,Why did Atlanta water crisis drag on ? These failing parts went undetected,20241011T123000Z,"https://www.ajc.com/resizer/v2/YCZMXZDMSQDQYAX5O2DLXLUG7M.jpg?auth=10beb125e896c354d63d346682c97328827190d6b2f9565b4027fb67e82ebdcf&focal=2442,2545",ajc.com,English,United States
176,https://innovationtoronto.com/smart-paper-can-detect-water-and-conduct-electricity/,,Smart paper can detect water and conduct electricity – Innovation Toronto,20240926T011500Z,,innovationtoronto.com,English,United States
177,https://www.enr.com/articles/59463-enr-2024-top-200-environmental-firms-making-an-epic-transformation,,ENR 2024 Top 200 Environmental Firms : Making an Epic Transformation,20241010T231500Z,https://www.enr.com/ext/resources/Issues/National_Issues/2024/14-Oct/1014_Top200_1170_ENRwebready.jpg?&t=1728584451,enr.com,English,United States
178,https://www.newburyportnews.com/news/regional_news/epa-sets-deadline-to-remove-lead-pipes/article_b42b4ac7-7fab-5afd-b7a4-7559009f8ef1.html,,EPA sets deadline to remove lead pipes,20241012T013000Z,https://bloximages.chicago2.vip.townnews.com/newburyportnews.com/content/tncms/custom/image/867ad2ec-8965-11e5-8451-8f0d0d73f7e3.jpg,newburyportnews.com,English,United States
179,https://www.publicceo.com/2024/09/new-case-endangers-water-rates/,,New Case Endangers Water Rates,20240926T033000Z,https://www.publicceo.com/wp-content/uploads/2024/09/San-Diego-County-2.png,publicceo.com,English,United States
180,https://www.wjcl.com/article/biden-lead-pipe-replacement-deadline/62539870,,Biden sets a 10 - year deadline for cities to replace lead pipes and make drinking water safer,20241008T120000Z,"https://kubrick.htvapps.com/htv-prod-media.s3.amazonaws.com/images/gettyimages-1204682124-67050f3148699.jpg?crop=1.00xw:0.846xh;0,0",wjcl.com,English,United States
181,https://fox23maine.com/news/nation-world/president-joe-biden-sets-10-year-deadline-to-replace-lead-pipes-ensuring-safe-drinking-water-neurotoxin-flint-michigan-water-crisis-environmental-protection-agency-rule-wisconsin-kamala-harris-presidential-campaign,https://fox23maine.com/amp/news/nation-world/president-joe-biden-sets-10-year-deadline-to-replace-lead-pipes-ensuring-safe-drinking-water-neurotoxin-flint-michigan-water-crisis-environmental-protection-agency-rule-wisconsin-kamala-harris-presidential-campaign,"Biden sets 10 - year deadline to replace lead pipes , ensuring safe drinking water",20241008T144500Z,https://fox23maine.com/resources/media2/16x9/1024/986/0x55/90/5523e0e7-f683-4317-bd9e-09b658b129c1-AP24281800432245.jpg,fox23maine.com,English,United States
182,https://www.mynbc5.com/article/biden-lead-pipe-replacement-deadline/62539870,,Biden sets a 10 - year deadline for cities to replace lead pipes and make drinking water safer,20241008T141500Z,"https://kubrick.htvapps.com/htv-prod-media.s3.amazonaws.com/images/gettyimages-1204682124-67050f3148699.jpg?crop=1.00xw:0.846xh;0,0",mynbc5.com,English,United States
183,https://www.ktxs.com/news/nation-world/president-joe-biden-sets-10-year-deadline-to-replace-lead-pipes-ensuring-safe-drinking-water-neurotoxin-flint-michigan-water-crisis-environmental-protection-agency-rule-wisconsin-kamala-harris-presidential-campaign,https://ktxs.com/amp/news/nation-world/president-joe-biden-sets-10-year-deadline-to-replace-lead-pipes-ensuring-safe-drinking-water-neurotoxin-flint-michigan-water-crisis-environmental-protection-agency-rule-wisconsin-kamala-harris-presidential-campaign,"Biden sets 10 - year deadline to replace lead pipes , ensuring safe drinking water",20241008T154500Z,https://ktxs.com/resources/media2/16x9/1024/986/0x55/90/5523e0e7-f683-4317-bd9e-09b658b129c1-AP24281800432245.jpg,ktxs.com,English,United States
184,https://weartv.com/news/nation-world/president-joe-biden-sets-10-year-deadline-to-replace-lead-pipes-ensuring-safe-drinking-water-neurotoxin-flint-michigan-water-crisis-environmental-protection-agency-rule-wisconsin-kamala-harris-presidential-campaign,https://weartv.com/amp/news/nation-world/president-joe-biden-sets-10-year-deadline-to-replace-lead-pipes-ensuring-safe-drinking-water-neurotoxin-flint-michigan-water-crisis-environmental-protection-agency-rule-wisconsin-kamala-harris-presidential-campaign,"Biden sets 10 - year deadline to replace lead pipes , ensuring safe drinking water",20241008T154500Z,https://weartv.com/resources/media2/16x9/1024/986/0x55/90/5523e0e7-f683-4317-bd9e-09b658b129c1-AP24281800432245.jpg,weartv.com,English,United States
185,https://krcgtv.com/news/nation-world/president-joe-biden-sets-10-year-deadline-to-replace-lead-pipes-ensuring-safe-drinking-water-neurotoxin-flint-michigan-water-crisis-environmental-protection-agency-rule-wisconsin-kamala-harris-presidential-campaign,https://krcgtv.com/amp/news/nation-world/president-joe-biden-sets-10-year-deadline-to-replace-lead-pipes-ensuring-safe-drinking-water-neurotoxin-flint-michigan-water-crisis-environmental-protection-agency-rule-wisconsin-kamala-harris-presidential-campaign,"Biden sets 10 - year deadline to replace lead pipes , ensuring safe drinking water",20241008T154500Z,https://krcgtv.com/resources/media2/16x9/1024/986/0x55/90/5523e0e7-f683-4317-bd9e-09b658b129c1-AP24281800432245.jpg,krcgtv.com,English,United States
186,https://ktvo.com/news/nation-world/president-joe-biden-sets-10-year-deadline-to-replace-lead-pipes-ensuring-safe-drinking-water-neurotoxin-flint-michigan-water-crisis-environmental-protection-agency-rule-wisconsin-kamala-harris-presidential-campaign,https://ktvo.com/amp/news/nation-world/president-joe-biden-sets-10-year-deadline-to-replace-lead-pipes-ensuring-safe-drinking-water-neurotoxin-flint-michigan-water-crisis-environmental-protection-agency-rule-wisconsin-kamala-harris-presidential-campaign,"Biden sets 10 - year deadline to replace lead pipes , ensuring safe drinking water",20241008T153000Z,https://ktvo.com/resources/media2/16x9/1024/986/0x55/90/5523e0e7-f683-4317-bd9e-09b658b129c1-AP24281800432245.jpg,ktvo.com,English,United States
187,https://cbs4local.com/news/nation-world/president-joe-biden-sets-10-year-deadline-to-replace-lead-pipes-ensuring-safe-drinking-water-neurotoxin-flint-michigan-water-crisis-environmental-protection-agency-rule-wisconsin-kamala-harris-presidential-campaign,https://cbs4local.com/amp/news/nation-world/president-joe-biden-sets-10-year-deadline-to-replace-lead-pipes-ensuring-safe-drinking-water-neurotoxin-flint-michigan-water-crisis-environmental-protection-agency-rule-wisconsin-kamala-harris-presidential-campaign,"Biden sets 10 - year deadline to replace lead pipes , ensuring safe drinking water",20241008T153000Z,https://cbs4local.com/resources/media2/16x9/1024/986/0x55/90/5523e0e7-f683-4317-bd9e-09b658b129c1-AP24281800432245.jpg,cbs4local.com,English,United States
188,https://keprtv.com/news/nation-world/president-joe-biden-sets-10-year-deadline-to-replace-lead-pipes-ensuring-safe-drinking-water-neurotoxin-flint-michigan-water-crisis-environmental-protection-agency-rule-wisconsin-kamala-harris-presidential-campaign,https://keprtv.com/amp/news/nation-world/president-joe-biden-sets-10-year-deadline-to-replace-lead-pipes-ensuring-safe-drinking-water-neurotoxin-flint-michigan-water-crisis-environmental-protection-agency-rule-wisconsin-kamala-harris-presidential-campaign,"Biden sets 10 - year deadline to replace lead pipes , ensuring safe drinking water",20241008T164500Z,https://keprtv.com/resources/media2/16x9/1024/986/0x55/90/5523e0e7-f683-4317-bd9e-09b658b129c1-AP24281800432245.jpg,keprtv.com,English,United States
189,https://mynews4.com/news/nation-world/president-joe-biden-sets-10-year-deadline-to-replace-lead-pipes-ensuring-safe-drinking-water-neurotoxin-flint-michigan-water-crisis-environmental-protection-agency-rule-wisconsin-kamala-harris-presidential-campaign,https://mynews4.com/amp/news/nation-world/president-joe-biden-sets-10-year-deadline-to-replace-lead-pipes-ensuring-safe-drinking-water-neurotoxin-flint-michigan-water-crisis-environmental-protection-agency-rule-wisconsin-kamala-harris-presidential-campaign,"Biden sets 10 - year deadline to replace lead pipes , ensuring safe drinking water",20241008T164500Z,https://mynews4.com/resources/media2/16x9/1024/986/0x55/90/5523e0e7-f683-4317-bd9e-09b658b129c1-AP24281800432245.jpg,mynews4.com,English,United States
190,https://fox56.com/news/nation-world/president-joe-biden-sets-10-year-deadline-to-replace-lead-pipes-ensuring-safe-drinking-water-neurotoxin-flint-michigan-water-crisis-environmental-protection-agency-rule-wisconsin-kamala-harris-presidential-campaign,https://fox56.com/amp/news/nation-world/president-joe-biden-sets-10-year-deadline-to-replace-lead-pipes-ensuring-safe-drinking-water-neurotoxin-flint-michigan-water-crisis-environmental-protection-agency-rule-wisconsin-kamala-harris-presidential-campaign,"Biden sets 10 - year deadline to replace lead pipes , ensuring safe drinking water",20241008T164500Z,https://fox56.com/resources/media2/16x9/1024/986/0x55/90/5523e0e7-f683-4317-bd9e-09b658b129c1-AP24281800432245.jpg,fox56.com,English,United States
191,https://www.tdtnews.com/news/article_c5da2508-8570-11ef-a4b3-fff20b7efe7f.html,,Biden sets a 10 - year deadline for US cities to replace lead pipes and make drinking water safer,20241008T164500Z,https://bloximages.newyork1.vip.townnews.com/tdtnews.com/content/tncms/assets/v3/editorial/f/c2/fc2fb8b6-8570-11ef-af68-bfff6094d2d6/670525c86ff86.image.jpg?crop=1024%2C538%2C0%2C72,tdtnews.com,English,United States
192,https://wach.com/news/nation-world/president-joe-biden-sets-10-year-deadline-to-replace-lead-pipes-ensuring-safe-drinking-water-neurotoxin-flint-michigan-water-crisis-environmental-protection-agency-rule-wisconsin-kamala-harris-presidential-campaign,https://wach.com/amp/news/nation-world/president-joe-biden-sets-10-year-deadline-to-replace-lead-pipes-ensuring-safe-drinking-water-neurotoxin-flint-michigan-water-crisis-environmental-protection-agency-rule-wisconsin-kamala-harris-presidential-campaign,"Biden sets 10 - year deadline to replace lead pipes , ensuring safe drinking water",20241008T161500Z,https://wach.com/resources/media2/16x9/1024/986/0x55/90/5523e0e7-f683-4317-bd9e-09b658b129c1-AP24281800432245.jpg,wach.com,English,United States
193,https://finance-commerce.com/2024/10/biden-sets-10-year-deadline-for-cities-to-replace-lead-pipes/,,Biden sets 10 - year deadline for cities to replace lead pipes,20241008T210000Z,https://finance-commerce.com/files/2024/10/Lead-Pipes.jpg,finance-commerce.com,English,United States
194,https://abc17news.com/news/2024/10/08/biden-sets-a-10-year-deadline-for-us-cities-to-replace-lead-pipes-and-make-drinking-water-safer/,,Biden sets a 10 - year deadline for US cities to replace lead pipes and make drinking water safer,20241008T101500Z,https://abc17news.b-cdn.net/abc17news.com/2023/08/kmiz-860x484.webp,abc17news.com,English,United States
195,https://www.valleynewslive.com/2024/10/08/biden-sets-10-year-deadline-us-cities-replace-lead-pipes-make-drinking-water-safer/,https://www.valleynewslive.com/2024/10/08/biden-sets-10-year-deadline-us-cities-replace-lead-pipes-make-drinking-water-safer/?outputType=amp,Biden sets a 10 - year deadline for US cities to replace lead pipes and make drinking water safer,20241008T154500Z,https://gray-kvly-prod.gtv-cdn.com/resizer/v2/XVJ2PP4JRZPBXKXHMTYZKQ5JWM.jpg?auth=18113fc955301f25bfda0ea182b93bf52243acd33ef16beb8564d556aaf52968&smart=true,valleynewslive.com,English,United States
196,https://www.wthitv.com/news/biden-sets-a-10-year-deadline-for-us-cities-to-replace-lead-pipes-and-make/article_48635926-c835-54a8-be15-b7ac7b91d3b3.html,,Biden sets a 10 - year deadline for US cities to replace lead pipes and make drinking water safer,20241008T170000Z,https://bloximages.newyork1.vip.townnews.com/wthitv.com/content/tncms/assets/v3/editorial/b/35/b352d634-858c-11ef-9b73-57ec62681606/670554422ae81.image.png?crop=1686%2C885%2C0%2C19,wthitv.com,English,United States
197,https://www.uppermichiganssource.com/2024/10/08/biden-sets-10-year-deadline-us-cities-replace-lead-pipes-make-drinking-water-safer/,https://www.uppermichiganssource.com/2024/10/08/biden-sets-10-year-deadline-us-cities-replace-lead-pipes-make-drinking-water-safer/?outputType=amp,Biden sets a 10 - year deadline for US cities to replace lead pipes and make drinking water safer,20241008T170000Z,https://gray-wluc-prod.gtv-cdn.com/resizer/v2/XVJ2PP4JRZPBXKXHMTYZKQ5JWM.jpg?auth=18113fc955301f25bfda0ea182b93bf52243acd33ef16beb8564d556aaf52968&smart=true,uppermichiganssource.com,English,United States
198,https://www.sunjournal.com/2024/10/08/biden-sets-10-year-deadline-for-u-s-cities-to-replace-lead-pipes-and-make-drinking-water-safer/,,Biden sets 10 - year deadline for U . S . cities to replace lead pipes and make drinking water safer,20241008T190000Z,,sunjournal.com,English,United States
199,https://www.lockhaven.com/news/local-news/2024/10/biden-sets-a-10-year-deadline-for-us-cities-to-replace-lead-pipes-and-make-drinking-water-safer/,,"Biden sets a 10 - year deadline for US cities to replace lead pipes and make drinking water safer | News , Sports , Jobs",20241009T081500Z,https://ogden_images.s3.amazonaws.com/www.lockhaven.com/images/2024/10/08163653/lead-pipes-747x500.jpg,lockhaven.com,English,United States
200,https://www.joplinglobe.com/region/biden-sets-a-10-year-deadline-for-us-cities-to-replace-lead-pipes-and-make/article_a10556fd-0e90-5aff-bb65-5f8971966360.html,,Biden sets a 10 - year deadline for US cities to replace lead pipes and make drinking water safer,20241008T173000Z,https://bloximages.chicago2.vip.townnews.com/joplinglobe.com/content/tncms/assets/v3/editorial/9/c5/9c59dcf0-b5c1-5c26-b070-14e649f3236c/670520eb4f715.image.jpg?crop=1760%2C924%2C0%2C127,joplinglobe.com,English,United States
201,https://ktvo.com/news/nation-world/a-week-after-helene-hit-thousands-still-without-water-struggle-to-find-enough-asheville-flooding-devastation-to-western-north-carolina-volunteers-no-water-no-power-fema-hurricane-katrina-floodwater,https://ktvo.com/amp/news/nation-world/a-week-after-helene-hit-thousands-still-without-water-struggle-to-find-enough-asheville-flooding-devastation-to-western-north-carolina-volunteers-no-water-no-power-fema-hurricane-katrina-floodwater,Infrastructure damage from Helene leaves Asheville in dire need of basic resources,20241006T013000Z,https://ktvo.com/resources/media2/16x9/4240/986/0x224/90/781115a6-befd-4d04-900a-b84d4a654025-AP24277793778868.jpg,ktvo.com,English,United States
202,https://local21news.com/news/nation-world/a-week-after-helene-hit-thousands-still-without-water-struggle-to-find-enough-asheville-flooding-devastation-to-western-north-carolina-volunteers-no-water-no-power-fema-hurricane-katrina-floodwater,https://local21news.com/amp/news/nation-world/a-week-after-helene-hit-thousands-still-without-water-struggle-to-find-enough-asheville-flooding-devastation-to-western-north-carolina-volunteers-no-water-no-power-fema-hurricane-katrina-floodwater,Infrastructure damage from Helene leaves Asheville in dire need of basic resources,20241006T000000Z,https://local21news.com/resources/media2/16x9/4240/986/0x224/90/781115a6-befd-4d04-900a-b84d4a654025-AP24277793778868.jpg,local21news.com,English,United States
203,https://kimatv.com/news/nation-world/a-week-after-helene-hit-thousands-still-without-water-struggle-to-find-enough-asheville-flooding-devastation-to-western-north-carolina-volunteers-no-water-no-power-fema-hurricane-katrina-floodwater,https://kimatv.com/amp/news/nation-world/a-week-after-helene-hit-thousands-still-without-water-struggle-to-find-enough-asheville-flooding-devastation-to-western-north-carolina-volunteers-no-water-no-power-fema-hurricane-katrina-floodwater,Infrastructure damage from Helene leaves Asheville in dire need of basic resources,20241006T000000Z,https://kimatv.com/resources/media2/16x9/4240/986/0x224/90/781115a6-befd-4d04-900a-b84d4a654025-AP24277793778868.jpg,kimatv.com,English,United States
204,https://www.nebraska.tv/news/nation-world/a-week-after-helene-hit-thousands-still-without-water-struggle-to-find-enough-asheville-flooding-devastation-to-western-north-carolina-volunteers-no-water-no-power-fema-hurricane-katrina-floodwater,https://nebraska.tv/amp/news/nation-world/a-week-after-helene-hit-thousands-still-without-water-struggle-to-find-enough-asheville-flooding-devastation-to-western-north-carolina-volunteers-no-water-no-power-fema-hurricane-katrina-floodwater,Infrastructure damage from Helene leaves Asheville in dire need of basic resources,20241006T000000Z,https://nebraska.tv/resources/media2/16x9/4240/986/0x224/90/781115a6-befd-4d04-900a-b84d4a654025-AP24277793778868.jpg,nebraska.tv,English,United States
205,https://kpic.com/news/nation-world/a-week-after-helene-hit-thousands-still-without-water-struggle-to-find-enough-asheville-flooding-devastation-to-western-north-carolina-volunteers-no-water-no-power-fema-hurricane-katrina-floodwater,https://kpic.com/amp/news/nation-world/a-week-after-helene-hit-thousands-still-without-water-struggle-to-find-enough-asheville-flooding-devastation-to-western-north-carolina-volunteers-no-water-no-power-fema-hurricane-katrina-floodwater,Infrastructure damage from Helene leaves Asheville in dire need of basic resources,20241006T003000Z,https://kpic.com/resources/media2/16x9/4240/986/0x224/90/781115a6-befd-4d04-900a-b84d4a654025-AP24277793778868.jpg,kpic.com,English,United States
206,https://www.ktxs.com/news/nation-world/a-week-after-helene-hit-thousands-still-without-water-struggle-to-find-enough-asheville-flooding-devastation-to-western-north-carolina-volunteers-no-water-no-power-fema-hurricane-katrina-floodwater,https://ktxs.com/amp/news/nation-world/a-week-after-helene-hit-thousands-still-without-water-struggle-to-find-enough-asheville-flooding-devastation-to-western-north-carolina-volunteers-no-water-no-power-fema-hurricane-katrina-floodwater,Infrastructure damage from Helene leaves Asheville in dire need of basic resources,20241006T030000Z,https://ktxs.com/resources/media2/16x9/4240/986/0x224/90/781115a6-befd-4d04-900a-b84d4a654025-AP24277793778868.jpg,ktxs.com,English,United States
207,https://wtov9.com/news/nation-world/a-week-after-helene-hit-thousands-still-without-water-struggle-to-find-enough-asheville-flooding-devastation-to-western-north-carolina-volunteers-no-water-no-power-fema-hurricane-katrina-floodwater,https://wtov9.com/amp/news/nation-world/a-week-after-helene-hit-thousands-still-without-water-struggle-to-find-enough-asheville-flooding-devastation-to-western-north-carolina-volunteers-no-water-no-power-fema-hurricane-katrina-floodwater,Infrastructure damage from Helene leaves Asheville in dire need of basic resources,20241006T011500Z,https://wtov9.com/resources/media2/16x9/4240/986/0x224/90/781115a6-befd-4d04-900a-b84d4a654025-AP24277793778868.jpg,wtov9.com,English,United States
208,https://myfox28columbus.com/news/nation-world/a-week-after-helene-hit-thousands-still-without-water-struggle-to-find-enough-asheville-flooding-devastation-to-western-north-carolina-volunteers-no-water-no-power-fema-hurricane-katrina-floodwater,https://myfox28columbus.com/amp/news/nation-world/a-week-after-helene-hit-thousands-still-without-water-struggle-to-find-enough-asheville-flooding-devastation-to-western-north-carolina-volunteers-no-water-no-power-fema-hurricane-katrina-floodwater,Infrastructure damage from Helene leaves Asheville in dire need of basic resources,20241006T011500Z,https://myfox28columbus.com/resources/media2/16x9/4240/986/0x224/90/781115a6-befd-4d04-900a-b84d4a654025-AP24277793778868.jpg,myfox28columbus.com,English,United States
209,https://foxillinois.com/news/nation-world/a-week-after-helene-hit-thousands-still-without-water-struggle-to-find-enough-asheville-flooding-devastation-to-western-north-carolina-volunteers-no-water-no-power-fema-hurricane-katrina-floodwater,https://foxillinois.com/amp/news/nation-world/a-week-after-helene-hit-thousands-still-without-water-struggle-to-find-enough-asheville-flooding-devastation-to-western-north-carolina-volunteers-no-water-no-power-fema-hurricane-katrina-floodwater,Infrastructure damage from Helene leaves Asheville in dire need of basic resources,20241006T010000Z,https://foxillinois.com/resources/media2/16x9/4240/986/0x224/90/781115a6-befd-4d04-900a-b84d4a654025-AP24277793778868.jpg,foxillinois.com,English,United States
210,https://www.times-news.com/news/biden-sets-10-year-deadline-for-us-cities-to-replace-lead-pipes-nationwide/article_248a4c80-076f-55d7-8da1-fcda350d80c8.html,,Biden sets 10 - year deadline for US cities to replace lead pipes nationwide,20241008T214500Z,https://bloximages.chicago2.vip.townnews.com/times-news.com/content/tncms/assets/v3/editorial/7/85/7855dfed-e0ca-5115-8a59-d319734e1a96/67059b02c9c04.image.jpg?crop=1763%2C926%2C0%2C124,times-news.com,English,United States
211,https://www.ypradio.org/npr-news/2024-10-08/biden-sets-10-year-deadline-for-u-s-cities-to-replace-lead-pipes-nationwide,https://www.ypradio.org/npr-news/2024-10-08/biden-sets-10-year-deadline-for-u-s-cities-to-replace-lead-pipes-nationwide?_amp=true,Biden sets 10 - year deadline for U . S . cities to replace lead pipes nationwide,20241009T091500Z,http://npr-brightspot.s3.amazonaws.com/0f/7c/ef28c54f45a8b4335f9faa9871a8/ap24282704543612.jpg,ypradio.org,English,United States
212,https://www.kjzz.org/npr-top-stories/2024-10-08/biden-sets-10-year-deadline-for-u-s-cities-to-replace-lead-pipes-nationwide,,Biden sets 10 - year deadline for U . S . cities to replace lead pipes nationwide,20241009T091500Z,http://npr-brightspot.s3.amazonaws.com/0f/7c/ef28c54f45a8b4335f9faa9871a8/ap24282704543612.jpg,kjzz.org,English,United States
213,https://www.wrkf.org/2024-10-08/biden-sets-10-year-deadline-for-u-s-cities-to-replace-lead-pipes-nationwide,https://www.wrkf.org/2024-10-08/biden-sets-10-year-deadline-for-u-s-cities-to-replace-lead-pipes-nationwide?_amp=true,Biden sets 10 - year deadline for U . S . cities to replace lead pipes nationwide,20241009T091500Z,http://npr-brightspot.s3.amazonaws.com/0f/7c/ef28c54f45a8b4335f9faa9871a8/ap24282704543612.jpg,wrkf.org,English,United States
214,https://www.wcsufm.org/latest-from-npr/2024-10-08/biden-sets-10-year-deadline-for-u-s-cities-to-replace-lead-pipes-nationwide,https://www.wcsufm.org/latest-from-npr/2024-10-08/biden-sets-10-year-deadline-for-u-s-cities-to-replace-lead-pipes-nationwide?_amp=true,Biden sets 10 - year deadline for U . S . cities to replace lead pipes nationwide,20241009T091500Z,http://npr-brightspot.s3.amazonaws.com/0f/7c/ef28c54f45a8b4335f9faa9871a8/ap24282704543612.jpg,wcsufm.org,English,United States
215,https://www.kios.org/2024-10-08/biden-sets-10-year-deadline-for-u-s-cities-to-replace-lead-pipes-nationwide,,Biden sets 10 - year deadline for U . S . cities to replace lead pipes nationwide,20241009T091500Z,http://npr-brightspot.s3.amazonaws.com/0f/7c/ef28c54f45a8b4335f9faa9871a8/ap24282704543612.jpg,kios.org,English,United States
216,https://www.wuwf.org/2024-10-08/biden-sets-10-year-deadline-for-u-s-cities-to-replace-lead-pipes-nationwide,https://www.wuwf.org/2024-10-08/biden-sets-10-year-deadline-for-u-s-cities-to-replace-lead-pipes-nationwide?_amp=true,Biden sets 10 - year deadline for U . S . cities to replace lead pipes nationwide,20241009T081500Z,http://npr-brightspot.s3.amazonaws.com/0f/7c/ef28c54f45a8b4335f9faa9871a8/ap24282704543612.jpg,wuwf.org,English,United States
217,https://www.wesa.fm/2024-10-08/biden-sets-10-year-deadline-for-u-s-cities-to-replace-lead-pipes-nationwide,,Biden sets 10 - year deadline for U . S . cities to replace lead pipes nationwide,20241009T081500Z,http://npr-brightspot.s3.amazonaws.com/0f/7c/ef28c54f45a8b4335f9faa9871a8/ap24282704543612.jpg,wesa.fm,English,United States
218,https://www.kpcw.org/npr-top-stories/2024-10-08/biden-sets-10-year-deadline-for-u-s-cities-to-replace-lead-pipes-nationwide,https://www.kpcw.org/npr-top-stories/2024-10-08/biden-sets-10-year-deadline-for-u-s-cities-to-replace-lead-pipes-nationwide?_amp=true,Biden sets 10 - year deadline for U . S . cities to replace lead pipes nationwide,20241009T081500Z,http://npr-brightspot.s3.amazonaws.com/0f/7c/ef28c54f45a8b4335f9faa9871a8/ap24282704543612.jpg,kpcw.org,English,United States
219,https://www.wypr.org/2024-10-08/biden-sets-10-year-deadline-for-u-s-cities-to-replace-lead-pipes-nationwide,https://www.wypr.org/2024-10-08/biden-sets-10-year-deadline-for-u-s-cities-to-replace-lead-pipes-nationwide?_amp=true,Biden sets 10 - year deadline for U . S . cities to replace lead pipes nationwide,20241009T081500Z,http://npr-brightspot.s3.amazonaws.com/0f/7c/ef28c54f45a8b4335f9faa9871a8/ap24282704543612.jpg,wypr.org,English,United States
220,https://www.upr.org/npr-news/2024-10-08/biden-sets-10-year-deadline-for-u-s-cities-to-replace-lead-pipes-nationwide,,Biden sets 10 - year deadline for U . S . cities to replace lead pipes nationwide,20241009T081500Z,http://npr-brightspot.s3.amazonaws.com/0f/7c/ef28c54f45a8b4335f9faa9871a8/ap24282704543612.jpg,upr.org,English,United States
221,https://www.klcc.org/npr-top-stories/2024-10-08/biden-sets-10-year-deadline-for-u-s-cities-to-replace-lead-pipes-nationwide,,Biden sets 10 - year deadline for U . S . cities to replace lead pipes nationwide,20241009T081500Z,http://npr-brightspot.s3.amazonaws.com/0f/7c/ef28c54f45a8b4335f9faa9871a8/ap24282704543612.jpg,klcc.org,English,United States
222,https://www.delawarepublic.org/npr-headlines/2024-10-08/biden-sets-10-year-deadline-for-u-s-cities-to-replace-lead-pipes-nationwide,https://www.delawarepublic.org/npr-headlines/2024-10-08/biden-sets-10-year-deadline-for-u-s-cities-to-replace-lead-pipes-nationwide?_amp=true,Biden sets 10 - year deadline for U . S . cities to replace lead pipes nationwide,20241009T081500Z,http://npr-brightspot.s3.amazonaws.com/0f/7c/ef28c54f45a8b4335f9faa9871a8/ap24282704543612.jpg,delawarepublic.org,English,United States
223,https://www.wglt.org/2024-10-08/biden-sets-10-year-deadline-for-u-s-cities-to-replace-lead-pipes-nationwide,,Biden sets 10 - year deadline for U . S . cities to replace lead pipes nationwide,20241009T080000Z,http://npr-brightspot.s3.amazonaws.com/0f/7c/ef28c54f45a8b4335f9faa9871a8/ap24282704543612.jpg,wglt.org,English,United States
224,https://www.wdiy.org/npr-news/2024-10-08/biden-sets-10-year-deadline-for-u-s-cities-to-replace-lead-pipes-nationwide,https://www.wdiy.org/npr-news/2024-10-08/biden-sets-10-year-deadline-for-u-s-cities-to-replace-lead-pipes-nationwide?_amp=true,Biden sets 10 - year deadline for U . S . cities to replace lead pipes nationwide,20241009T083000Z,http://npr-brightspot.s3.amazonaws.com/0f/7c/ef28c54f45a8b4335f9faa9871a8/ap24282704543612.jpg,wdiy.org,English,United States
225,https://www.wrvo.org/2024-10-08/biden-sets-10-year-deadline-for-u-s-cities-to-replace-lead-pipes-nationwide,,Biden sets 10 - year deadline for U . S . cities to replace lead pipes nationwide,20241009T083000Z,http://npr-brightspot.s3.amazonaws.com/0f/7c/ef28c54f45a8b4335f9faa9871a8/ap24282704543612.jpg,wrvo.org,English,United States
226,https://www.wmra.org/2024-10-08/biden-sets-10-year-deadline-for-u-s-cities-to-replace-lead-pipes-nationwide,https://www.wmra.org/2024-10-08/biden-sets-10-year-deadline-for-u-s-cities-to-replace-lead-pipes-nationwide?_amp=true,Biden sets 10 - year deadline for U . S . cities to replace lead pipes nationwide,20241009T083000Z,http://npr-brightspot.s3.amazonaws.com/0f/7c/ef28c54f45a8b4335f9faa9871a8/ap24282704543612.jpg,wmra.org,English,United States
227,https://www.kyuk.org/2024-10-08/biden-sets-10-year-deadline-for-u-s-cities-to-replace-lead-pipes-nationwide,,Biden sets 10 - year deadline for U . S . cities to replace lead pipes nationwide,20241009T083000Z,http://npr-brightspot.s3.amazonaws.com/0f/7c/ef28c54f45a8b4335f9faa9871a8/ap24282704543612.jpg,kyuk.org,English,United States
228,https://news.wjct.org/national-news/2024-10-08/biden-sets-10-year-deadline-for-u-s-cities-to-replace-lead-pipes-nationwide,https://news.wjct.org/national-news/2024-10-08/biden-sets-10-year-deadline-for-u-s-cities-to-replace-lead-pipes-nationwide?_amp=true,Biden sets 10 - year deadline for U . S . cities to replace lead pipes nationwide,20241009T083000Z,http://npr-brightspot.s3.amazonaws.com/0f/7c/ef28c54f45a8b4335f9faa9871a8/ap24282704543612.jpg,news.wjct.org,English,United States
229,https://www.wkms.org/npr-news/2024-10-08/biden-sets-10-year-deadline-for-u-s-cities-to-replace-lead-pipes-nationwide,,Biden sets 10 - year deadline for U . S . cities to replace lead pipes nationwide,20241009T083000Z,http://npr-brightspot.s3.amazonaws.com/0f/7c/ef28c54f45a8b4335f9faa9871a8/ap24282704543612.jpg,wkms.org,English,United States
230,https://www.southcarolinapublicradio.org/2024-10-08/biden-sets-10-year-deadline-for-u-s-cities-to-replace-lead-pipes-nationwide,https://www.southcarolinapublicradio.org/2024-10-08/biden-sets-10-year-deadline-for-u-s-cities-to-replace-lead-pipes-nationwide?_amp=true,Biden sets 10 - year deadline for U . S . cities to replace lead pipes nationwide,20241009T083000Z,http://npr-brightspot.s3.amazonaws.com/0f/7c/ef28c54f45a8b4335f9faa9871a8/ap24282704543612.jpg,southcarolinapublicradio.org,English,United States
231,https://www.wyso.org/npr-news/2024-10-08/biden-sets-10-year-deadline-for-u-s-cities-to-replace-lead-pipes-nationwide,,Biden sets 10 - year deadline for U . S . cities to replace lead pipes nationwide,20241009T054500Z,http://npr-brightspot.s3.amazonaws.com/0f/7c/ef28c54f45a8b4335f9faa9871a8/ap24282704543612.jpg,wyso.org,English,United States
233,https://www.wvtf.org/2024-10-08/biden-sets-10-year-deadline-for-u-s-cities-to-replace-lead-pipes-nationwide,https://www.wvtf.org/2024-10-08/biden-sets-10-year-deadline-for-u-s-cities-to-replace-lead-pipes-nationwide?_amp=true,Biden sets 10 - year deadline for U . S . cities to replace lead pipes nationwide,20241009T054500Z,http://npr-brightspot.s3.amazonaws.com/0f/7c/ef28c54f45a8b4335f9faa9871a8/ap24282704543612.jpg,wvtf.org,English,United States
234,https://www.ualrpublicradio.org/npr-news/2024-10-08/biden-sets-10-year-deadline-for-u-s-cities-to-replace-lead-pipes-nationwide,https://www.ualrpublicradio.org/npr-news/2024-10-08/biden-sets-10-year-deadline-for-u-s-cities-to-replace-lead-pipes-nationwide?_amp=true,Biden sets 10 - year deadline for U . S . cities to replace lead pipes nationwide,20241009T054500Z,http://npr-brightspot.s3.amazonaws.com/0f/7c/ef28c54f45a8b4335f9faa9871a8/ap24282704543612.jpg,ualrpublicradio.org,English,United States
235,https://www.kawc.org/npr-news/2024-10-08/biden-sets-10-year-deadline-for-u-s-cities-to-replace-lead-pipes-nationwide,https://www.kawc.org/npr-news/2024-10-08/biden-sets-10-year-deadline-for-u-s-cities-to-replace-lead-pipes-nationwide?_amp=true,Biden sets 10 - year deadline for U . S . cities to replace lead pipes nationwide,20241009T071500Z,http://npr-brightspot.s3.amazonaws.com/0f/7c/ef28c54f45a8b4335f9faa9871a8/ap24282704543612.jpg,kawc.org,English,United States
236,https://www.kgou.org/2024-10-08/biden-sets-10-year-deadline-for-u-s-cities-to-replace-lead-pipes-nationwide,,Biden sets 10 - year deadline for U . S . cities to replace lead pipes nationwide,20241009T071500Z,http://npr-brightspot.s3.amazonaws.com/0f/7c/ef28c54f45a8b4335f9faa9871a8/ap24282704543612.jpg,kgou.org,English,United States
237,https://www.iowapublicradio.org/news-from-npr/2024-10-08/biden-sets-10-year-deadline-for-u-s-cities-to-replace-lead-pipes-nationwide,,Biden sets 10 - year deadline for U . S . cities to replace lead pipes nationwide,20241009T071500Z,http://npr-brightspot.s3.amazonaws.com/0f/7c/ef28c54f45a8b4335f9faa9871a8/ap24282704543612.jpg,iowapublicradio.org,English,United States
238,https://www.hppr.org/2024-10-08/biden-sets-10-year-deadline-for-u-s-cities-to-replace-lead-pipes-nationwide,https://www.hppr.org/2024-10-08/biden-sets-10-year-deadline-for-u-s-cities-to-replace-lead-pipes-nationwide?_amp=true,Biden sets 10 - year deadline for U . S . cities to replace lead pipes nationwide,20241009T071500Z,http://npr-brightspot.s3.amazonaws.com/0f/7c/ef28c54f45a8b4335f9faa9871a8/ap24282704543612.jpg,hppr.org,English,United States
239,https://www.kmxt.org/2024-10-08/biden-sets-10-year-deadline-for-u-s-cities-to-replace-lead-pipes-nationwide,https://www.kmxt.org/2024-10-08/biden-sets-10-year-deadline-for-u-s-cities-to-replace-lead-pipes-nationwide?_amp=true,Biden sets 10 - year deadline for U . S . cities to replace lead pipes nationwide,20241009T071500Z,http://npr-brightspot.s3.amazonaws.com/0f/7c/ef28c54f45a8b4335f9faa9871a8/ap24282704543612.jpg,kmxt.org,English,United States
240,https://www.kbia.org/2024-10-08/biden-sets-10-year-deadline-for-u-s-cities-to-replace-lead-pipes-nationwide,https://www.kbia.org/2024-10-08/biden-sets-10-year-deadline-for-u-s-cities-to-replace-lead-pipes-nationwide?_amp=true,Biden sets 10 - year deadline for U . S . cities to replace lead pipes nationwide,20241009T070000Z,http://npr-brightspot.s3.amazonaws.com/0f/7c/ef28c54f45a8b4335f9faa9871a8/ap24282704543612.jpg,kbia.org,English,United States
241,https://radio.wpsu.org/2024-10-08/biden-sets-10-year-deadline-for-u-s-cities-to-replace-lead-pipes-nationwide,,Biden sets 10 - year deadline for U . S . cities to replace lead pipes nationwide,20241009T070000Z,http://npr-brightspot.s3.amazonaws.com/0f/7c/ef28c54f45a8b4335f9faa9871a8/ap24282704543612.jpg,radio.wpsu.org,English,United States
242,https://www.boisestatepublicradio.org/2024-10-08/biden-sets-10-year-deadline-for-u-s-cities-to-replace-lead-pipes-nationwide,,Biden sets 10 - year deadline for U . S . cities to replace lead pipes nationwide,20241009T070000Z,http://npr-brightspot.s3.amazonaws.com/0f/7c/ef28c54f45a8b4335f9faa9871a8/ap24282704543612.jpg,boisestatepublicradio.org,English,United States
243,https://www.kenw.org/npr-news/2024-10-08/biden-sets-10-year-deadline-for-u-s-cities-to-replace-lead-pipes-nationwide,https://www.kenw.org/npr-news/2024-10-08/biden-sets-10-year-deadline-for-u-s-cities-to-replace-lead-pipes-nationwide?_amp=true,Biden sets 10 - year deadline for U . S . cities to replace lead pipes nationwide,20241009T070000Z,http://npr-brightspot.s3.amazonaws.com/0f/7c/ef28c54f45a8b4335f9faa9871a8/ap24282704543612.jpg,kenw.org,English,United States
244,https://www.kclu.org/national-and-global/2024-10-08/biden-sets-10-year-deadline-for-u-s-cities-to-replace-lead-pipes-nationwide,https://www.kclu.org/national-and-global/2024-10-08/biden-sets-10-year-deadline-for-u-s-cities-to-replace-lead-pipes-nationwide?_amp=true,Biden sets 10 - year deadline for U . S . cities to replace lead pipes nationwide,20241009T070000Z,http://npr-brightspot.s3.amazonaws.com/0f/7c/ef28c54f45a8b4335f9faa9871a8/ap24282704543612.jpg,kclu.org,English,United States
245,https://www.knau.org/npr-news/2024-10-08/biden-sets-10-year-deadline-for-u-s-cities-to-replace-lead-pipes-nationwide,https://www.knau.org/npr-news/2024-10-08/biden-sets-10-year-deadline-for-u-s-cities-to-replace-lead-pipes-nationwide?_amp=true,Biden sets 10 - year deadline for U . S . cities to replace lead pipes nationwide,20241009T070000Z,http://npr-brightspot.s3.amazonaws.com/0f/7c/ef28c54f45a8b4335f9faa9871a8/ap24282704543612.jpg,knau.org,English,United States
246,https://www.wlrh.org/npr-news/2024-10-08/biden-sets-10-year-deadline-for-u-s-cities-to-replace-lead-pipes-nationwide,https://www.wlrh.org/npr-news/2024-10-08/biden-sets-10-year-deadline-for-u-s-cities-to-replace-lead-pipes-nationwide?_amp=true,Biden sets 10 - year deadline for U . S . cities to replace lead pipes nationwide,20241009T073000Z,http://npr-brightspot.s3.amazonaws.com/0f/7c/ef28c54f45a8b4335f9faa9871a8/ap24282704543612.jpg,wlrh.org,English,United States
247,https://www.kcbx.org/npr-top-news/2024-10-08/biden-sets-10-year-deadline-for-u-s-cities-to-replace-lead-pipes-nationwide,https://www.kcbx.org/npr-top-news/2024-10-08/biden-sets-10-year-deadline-for-u-s-cities-to-replace-lead-pipes-nationwide?_amp=true,Biden sets 10 - year deadline for U . S . cities to replace lead pipes nationwide,20241009T073000Z,http://npr-brightspot.s3.amazonaws.com/0f/7c/ef28c54f45a8b4335f9faa9871a8/ap24282704543612.jpg,kcbx.org,English,United States
248,https://www.krwg.org/national-news/2024-10-08/biden-sets-10-year-deadline-for-u-s-cities-to-replace-lead-pipes-nationwide,,Biden sets 10 - year deadline for U . S . cities to replace lead pipes nationwide,20241009T073000Z,http://npr-brightspot.s3.amazonaws.com/0f/7c/ef28c54f45a8b4335f9faa9871a8/ap24282704543612.jpg,krwg.org,English,United States
249,https://www.wlrn.org/npr-breaking-news/2024-10-08/biden-sets-10-year-deadline-for-u-s-cities-to-replace-lead-pipes-nationwide,,Biden sets 10 - year deadline for U . S . cities to replace lead pipes nationwide,20241009T073000Z,http://npr-brightspot.s3.amazonaws.com/0f/7c/ef28c54f45a8b4335f9faa9871a8/ap24282704543612.jpg,wlrn.org,English,United States
