,url,url_mobile,title,seendate,socialimage,domain,language,sourcecountry
0,https://www.pennlive.com/life/2021/02/heres-whats-coming-to-this-cumberland-county-shopping-center-with-tractor-supply.html,https://www.pennlive.com/life/2021/02/heres-whats-coming-to-this-cumberland-county-shopping-center-with-tractor-supply.html?outputType=amp,Here what coming to this Cumberland County shopping center with Tractor Supply,20210225T223000Z,https://www.pennlive.com/resizer/hm7szO6BW7mVug8Th8UFrjWeRvw=/1280x0/smart/cloudfront-us-east-1.images.arcpublishing.com/advancelocal/7KG6KVXNCRFDHKM5FU6KGEQBFQ.jpg,pennlive.com,English,United States
1,https://brazilbusiness.einnews.com/pr_news/537421099/autozone-authorizes-additional-stock-repurchase,https://brazilbusiness.einnews.com/amp/pr_news/537421099/autozone-authorizes-additional-stock-repurchase,AutoZone Authorizes Additional Stock Repurchase,20210324T114500Z,,brazilbusiness.einnews.com,English,United States
2,https://www.bizjournals.com/birmingham/news/2021/03/10/autozone-racetrac-opening-locations-in-chelsea.html,,"AutoZone , RaceTrac opening locations in Chelsea - Birmingham Business Journal",20210311T100000Z,https://media.bizj.us/view/img/10133688/thinkstockphotos-490265597*1200xx4500-2531-0-235.jpg,bizjournals.com,English,United States
3,https://www.bizjournals.com/memphis/news/2021/03/24/autozone-authorizes-stock-repurchase.html,,AutoZone Inc . authorizes repurchase of $1 . 5B in common stock - Memphis Business Journal,20210324T123000Z,https://media.bizj.us/view/img/11870758/autozone*1200xx1280-720-0-120.jpg,bizjournals.com,English,United States
4,https://www.marketwatch.com/story/autozone-oks-additional-15-bln-buyback-program-2021-03-23,https://www.marketwatch.com/amp/story/autozone-oks-additional-15-bln-buyback-program-2021-03-23,AutoZone OKs additional $1 . 5 bln buyback program,20210323T211500Z,,marketwatch.com,English,United States
5,https://www.kristv.com/news/local-news/chick-fil-a-and-autozone-announce-new-locations-in-portland,https://www.kristv.com/news/local-news/chick-fil-a-and-autozone-announce-new-locations-in-portland?_amp=true,Chick - fil - A and AutoZone announce new locations in Portland,20210323T004500Z,http://ewscripps-brightspot.s3.amazonaws.com/47/fd/8d0c6e9e4ebaaef5364c00bb2512/old-kmart.jpg,kristv.com,English,United States
7,https://www.fool.com/investing/2021/03/16/3-stocks-turned-20000-into-more-than-135000/?source=iedfolrf0000001,https://www.fool.com/amp/investing/2021/03/16/3-stocks-turned-20000-into-more-than-135000/,"3 Stocks That Turned $20 , 000 Into More Than $135 , 000",20210316T150000Z,https://g.foolcdn.com/editorial/images/615941/moneytree.jpg,fool.com,English,United States
8,https://patch.com/virginia/fredericksburg/shooting-suspect-jail-after-dispute-outside-autozone-police,https://patch.com/virginia/fredericksburg/amp/29312595/shooting-suspect-in-jail-after-dispute-outside-autozone-police,Shooting Suspect In Jail After Dispute Outside AutoZone : Police,20210301T164500Z,https://patch.com/img/cdn20/shutterstock/24771377/20210301/111636/styles/patch_image/public/shutterstock-729802105-3___01111602903.jpg,patch.com,English,United States
9,https://www.marketwatch.com/articles/autozone-stock-gains-as-earnings-come-in-strong-51614697142,,AutoZone Stock Gains as Earnings Come in Strong,20210302T153000Z,https://images.barrons.com/im-305997/social,marketwatch.com,English,United States
10,https://power959.com/autozone-in-texarkana-drive-thru-hiring-event-march-11/,,Autozone in Texarkana Drive - Thru Hiring Event March 11,20210309T171500Z,https://townsquare.media/site/152/files/2021/03/autozone.jpg?&zc=1&s=0&a=t&q=89,power959.com,English,United States
11,https://kkyr.com/autozone-in-texarkana-drive-thru-hiring-event-march-11/,,Autozone in Texarkana Drive - Thru Hiring Event March 11,20210309T131500Z,https://townsquare.media/site/152/files/2021/03/autozone.jpg?&zc=1&s=0&a=t&q=89,kkyr.com,English,United States
12,https://kygl.com/autozone-in-texarkana-drive-thru-hiring-event-march-11/,,Autozone in Texarkana Drive - Thru Hiring Event March 11,20210309T200000Z,https://townsquare.media/site/152/files/2021/03/autozone.jpg?&zc=1&s=0&a=t&q=89,kygl.com,English,United States
13,https://mymajic933.com/autozone-in-texarkana-drive-thru-hiring-event-march-11/,,Autozone in Texarkana Drive - Thru Hiring Event March 11,20210309T163000Z,https://townsquare.media/site/152/files/2021/03/autozone.jpg?&zc=1&s=0&a=t&q=89,mymajic933.com,English,United States
14,https://www.marketwatch.com/articles/why-auto-parts-stocks-can-shift-higher-51615999475,,Why Auto Parts Stocks Can Shift Higher,20210317T171500Z,https://images.barrons.com/im-312781/social,marketwatch.com,English,United States
15,https://www.insidermonkey.com/blog/should-you-buy-autozone-azo-stock-before-its-too-late-922944/,,Should You Buy AutoZone ( AZO ) Stock Before It Too Late ? ,20210305T183000Z,https://d2gr5kl7dt2z3t.cloudfront.net/blog/wp-content/uploads/2021/01/01105255/Ferrari-RACE-sports-car-auto-piqsels.com-id-stefh.jpg,insidermonkey.com,English,United States
16,https://chainstoreage.com/autozone-accelerates-speed-accuracy-store-level-labor-forecasts,,"AutoZone accelerates speed , accuracy of store - level labor forecasts",20210308T173000Z,https://assets1.chainstoreage.com/styles/primary_articles_short/s3/2021-03/AutoZone.jpg?itok=qgqeasGW,chainstoreage.com,English,United States
17,https://www.bizjournals.com/milwaukee/news/2021/02/23/jones-sign-gardendale-alabama.html,,"Wisconsin sign maker for Lambeau , AmFam Field and Fiserv Forum growing in the South",20210223T231500Z,https://media.bizj.us/view/img/11420831/mortenson21aug2019-003*1200xx4814-2710-0-562.jpg,bizjournals.com,English,United States
18,https://www.foxbusiness.com/retail/autozone-offering-100-for-employees-who-get-covid-19-vaccine,https://www.foxbusiness.com/retail/autozone-offering-100-for-employees-who-get-covid-19-vaccine.amp,AutoZone offering $100 for employees who receive COVID - 19 vaccine,20210301T113000Z,https://a57.foxnews.com/static.foxbusiness.com/foxbusiness.com/content/uploads/2020/08/0/0/Autozone-Getty.jpg?ve=1&tl=1,foxbusiness.com,English,United States
19,http://www.nydailynews.com/new-york/nyc-crime/ny-brooklyn-murder-bust-pennsylvania-20210304-bkbxc5gzfrefvf5jlrwan5go3q-story.html,https://www.nydailynews.com/new-york/nyc-crime/ny-brooklyn-murder-bust-pennsylvania-20210304-bkbxc5gzfrefvf5jlrwan5go3q-story.html?outputType=amp,Suspect on run for 4 months nabbed in Pa . for fatal NYC shooting,20210304T174500Z,https://www.nydailynews.com/resizer/jJJJPUOCpckdyoDK1S68RTa3vrk=/1200x0/top/cloudfront-us-east-1.images.arcpublishing.com/tronc/XEDGGDZJOJAQPJDSZ423HBOXPY.jpg,nydailynews.com,English,United States
21,https://www.milb.com/news/selby-retires,,Selby Retires | MiLB . com,20210226T000000Z,https://img.mlbstatic.com/milb-images/image/private/t_2x1/t_w1536/milb/raejosg86opzf6xt03cd.jpg,milb.com,English,United States
24,https://www.insidermonkey.com/blog/autozone-azo-beats-analysts-expectations-for-q2-922705/,,AutoZone ( AZO ) Beats Analyst Expectations for Q2,20210304T160000Z,https://d2gr5kl7dt2z3t.cloudfront.net/blog/wp-content/uploads/2016/11/24183210/53951646_m.jpg,insidermonkey.com,English,United States
25,https://www.openpr.com/news/2254141/automotive-e-tailing-market-2027-global-analysis-size,,"Automotive E - Tailing Market 2027 Global Analysis , Size , ",20210309T231500Z,https://cdn.openpr.com/U/3/U309112112_g.jpg,openpr.com,English,United States
26,https://www.bizjournals.com/memphis/news/2021/02/24/autozone-to-incentivize-receiving-covid-vaccine.html,,AutoZone Inc . to pay workers $100 to receive COVID - 19 vaccine - Memphis Business Journal,20210224T230000Z,https://media.bizj.us/view/img/11870758/autozone*1200xx1280-719-0-121.jpg,bizjournals.com,English,United States
27,https://investorplace.com/2021/03/7-retail-stocks-that-are-far-too-close-to-failing/,https://investorplace.com/2021/03/7-retail-stocks-that-are-far-too-close-to-failing/amp/,7 Retail Stocks to Avoid Because They Are Far Too Close to Failing,20210318T220000Z,https://investorplace.com/wp-content/uploads/2019/07/cheap-retail-stocks.jpg,investorplace.com,English,United States
28,https://www.openpr.com/news/2248250/e-tailing-market-output-import-export-consumer-consumption,,"E - Tailing Market Output , Import & Export , Consumer Consumption",20210224T200000Z,https://cdn.openpr.com/U/2/U224966023_g.jpg,openpr.com,English,United States
29,https://www.14news.com/2021/03/14/man-jail-after-shots-fired-run-evansvilles-southside-sat/,/2021/03/14/man-jail-after-shots-fired-run-evansvilles-southside-sat/?outputType=amp,Man in jail after shots fired run on Evansville southside Sat . ,20210314T193000Z,https://www.14news.com/resizer/ZAdnhejYD_MalvMW7ibiwQbZGIY=/1200x0/cloudfront-us-east-1.images.arcpublishing.com/raycom/JN7ROYNXVNDCDL22IWUMLMGXF4.JPG,14news.com,English,United States
30,https://www.law360.com/articles/1366268,https://www.law360.com/amp/articles/1366268,"ITC To Probe Walmart , Best Buy Over Jump Starter Imports",20210319T000000Z,https://www.law360.com/images/360.png,law360.com,English,United States
31,https://apnews.com/press-release/globe-newswire/business-government-business-and-finance-government-regulations-coronavirus-pandemic-consumer-products-and-services-9a420e3b40d86f53342d2221dc058f36,,AutoZone 2nd Quarter Same Store Sales Increase 15 . 2 %; EPS Increases to $14 . 93,20210302T123000Z,https://apnews.com/images/PaidContent3.png,apnews.com,English,United States
33,https://brazilbusiness.einnews.com/pr_news/536177896/autozone-2nd-quarter-same-store-sales-increase-15-2-eps-increases-to-14-93,,AutoZone 2nd Quarter Same Store Sales Increase 15 . 2 %; EPS Increases to $14 . 93,20210302T200000Z,,brazilbusiness.einnews.com,English,United States
34,https://www.kztv10.com/news/local-news/chick-fil-a-and-autozone-announce-new-locations-in-portland,https://www.kztv10.com/news/local-news/chick-fil-a-and-autozone-announce-new-locations-in-portland?_amp=true,Chick - fil - A and AutoZone announce new locations in Portland,20210322T210000Z,https://ewscripps.brightspotcdn.com/47/fd/8d0c6e9e4ebaaef5364c00bb2512/old-kmart.jpg,kztv10.com,English,United States
35,https://dailyvoice.com/connecticut/trumbull/police-fire/man-critical-following-shooting-at-fairfield-county-autozone/804013/,,Man Critical Following Shooting At Fairfield County AutoZone,20210227T004500Z,"https://daily-voice-res.cloudinary.com/image/upload/c_limit,e_sharpen,f_auto,q_auto:eco,w_640/Screen_Shot_2021-02-26_at_8.43.10_AM_w2c6wa.jpg",dailyvoice.com,English,United States
36,https://dailyvoice.com/connecticut/westport/police-fire/man-critical-following-shooting-at-fairfield-county-autozone/804013/,,Man Critical Following Shooting At Fairfield County AutoZone,20210227T191500Z,"https://daily-voice-res.cloudinary.com/image/upload/c_limit,e_sharpen,f_auto,q_auto:eco,w_640/Screen_Shot_2021-02-26_at_8.43.10_AM_w2c6wa.jpg",dailyvoice.com,English,United States
37,https://www.wmcactionnews5.com/2021/03/24/fc-sets-date-home-opener/,/2021/03/24/fc-sets-date-home-opener/?outputType=amp,901 FC sets date for home opener,20210324T084500Z,https://www.wmcactionnews5.com/resizer/QH4ORiogjR3dP6fDaQoNbWGPCFM=/1200x0/cloudfront-us-east-1.images.arcpublishing.com/raycom/GBR2VCKFZ5C23ATDATHGWR6WW4.jpg,wmcactionnews5.com,English,United States
38,https://www.benzinga.com/news/earnings/21/03/19932266/5-stocks-to-watch-for-march-2-2021,https://amp.benzinga.com/amp/content/19932266,"5 Stocks To Watch For March 2 , 2021",20210302T104500Z,,benzinga.com,English,United States
39,https://www.ocolly.com/news/immunity-profit-autozone-and-other-companies-seek-ways-to-encourage-vaccination/article_c36a33a8-85b0-11eb-9275-b75838db409a.html,,Immunity profit : AutoZone and other companies seek ways to encourage vaccination,20210316T024500Z,https://bloximages.newyork1.vip.townnews.com/ocolly.com/content/tncms/assets/v3/editorial/f/fd/ffd5d5aa-85dc-11eb-bbbf-1b196cb13c63/604fdea33f3c5.image.jpg,ocolly.com,English,United States
40,https://www.ford-trucks.com/forums/1655140-eot-and-ect-200-degrees-apart.html,,EOT and ECT 200 degrees apart ! - Ford Truck Enthusiasts Forums,20210311T100000Z,https://cimg4.ibsrv.net/gimg/www.ford-trucks.com-vbulletin/2000x1504/a084d063_804e_437b_94ee_513137411d33_fd76a41967a2116ebfdae71a6e4042e274b817cb.jpeg,ford-trucks.com,English,United States
41,https://www.mysuncoast.com/2021/03/20/volunteers-host-benefit-car-wash-laiellah-hatchers-family/,/2021/03/20/volunteers-host-benefit-car-wash-laiellah-hatchers-family/?outputType=amp,Volunteers host a benefit car wash for Laiellah Hatcher family,20210321T004500Z,https://www.mysuncoast.com/resizer/uUpsRSs-b-XYfvw4c7xyw3Eto5I=/1200x0/cloudfront-us-east-1.images.arcpublishing.com/raycom/VCAMXMVZARBQPLZD4CDYDLPZQY.png,mysuncoast.com,English,United States
42,https://www.jeepforum.com/forum/f310/suggested-shock-absorbers-4425779/,,Suggested shock absorbers - JeepForum . com,20210304T001500Z,,jeepforum.com,English,United States
43,https://www.nhregister.com/news/article/Shooting-reported-at-Bridgeport-McDonald-s-15980823.php,,Police : Derby man in critical condition after Bridgeport shooting,20210226T131500Z,https://s.hdnux.com/photos/01/16/63/06/20656565/19/rawImage.jpg,nhregister.com,English,United States
44,https://www.ford-trucks.com/forums/1653727-leaking-batteries.html,,leaking batteries - Ford Truck Enthusiasts Forums,20210228T120000Z,,ford-trucks.com,English,United States
45,https://www.newschannel5.com/news/one-year-after-storm-tornado-survivors-remember-terrifying-night,https://www.newschannel5.com/news/one-year-after-storm-tornado-survivors-remember-terrifying-night?_amp=true,"One year after storm , tornado survivors remember terrifying night",20210301T141500Z,http://ewscripps-brightspot.s3.amazonaws.com/48/2e/ad3c834e480bb68a49d36dfe84f9/am-bump-12-whitts-story.transfer_frame_82.jpeg,newschannel5.com,English,United States
47,https://abcnews.go.com/Business/wireStory/autozone-exxon-rise-vail-resorts-general-mills-fall-76660947,https://abcnews.go.com/amp/Business/wireStory/autozone-exxon-rise-vail-resorts-general-mills-fall-76660947,"AutoZone , Exxon rise ; Vail Resorts , General Mills fall",20210324T231500Z,,abcnews.go.com,English,United States
48,https://www.startribune.com/autozone-exxon-rise-vail-resorts-general-mills-fall/600038135/,https://m.startribune.com/autozone-exxon-rise-vail-resorts-general-mills-fall/600038135/,"AutoZone , Exxon rise ; Vail Resorts , General Mills fall",20210324T210000Z,,startribune.com,English,United States
49,https://www.benzinga.com/news/earnings/21/03/19984677/a-look-into-autozones-price-over-earnings,https://amp.benzinga.com/amp/content/19984677,A Look Into AutoZone Price Over Earnings,20210303T154500Z,,benzinga.com,English,United States
51,https://www.washingtontimes.com/news/2021/mar/24/autozone-exxon-rise-vail-resorts-general-mills-fal/,http://amp.washingtontimes.com/news/2021/mar/24/autozone-exxon-rise-vail-resorts-general-mills-fal/,"AutoZone , Exxon rise ; Vail Resorts , General Mills fall",20210324T211500Z,,washingtontimes.com,English,United States
52,https://www.statesman.com/story/news/crime/2021/03/21/austin-police-reward-homicide-southeast-austin-riverside/4794679001/,,"Police offer reward after man shot , killed in Southeast Austin",20210322T023000Z,"https://www.gannett-cdn.com/presto/2021/03/22/NAAS/a3c14f65-5603-4587-8e67-5099be50eb57-IMG_0049.jpg?auto=webp&crop=4031,2267,x1,y426&format=pjpg",statesman.com,English,United States
53,https://www.caller.com/story/news/2021/03/22/chick-fil-a-autozone-mix-replace-old-portland-kmart-site/4798908001/,https://amp.caller.com/amp/4798908001,"Chick - fil - A , AutoZone in the mix to replace old Portland Kmart site",20210322T191500Z,"https://www.gannett-cdn.com/presto/2021/03/22/PCCT/ff172afe-f4a8-46d8-a3fd-1783ac93515d-1400_Wildcat_Dr._Portland_TX_002.jpg?crop=1138,641,x1600,y0&fit=bounds",caller.com,English,United States
54,https://www.chron.com/business/article/AutoZone-Fiscal-2Q-Earnings-Snapshot-15992555.php,https://www.chron.com/business/amp/AutoZone-Fiscal-2Q-Earnings-Snapshot-15992555.php,AutoZone : Fiscal 2Q Earnings Snapshot,20210302T123000Z,https://www.chron.com/img/pages/article/opengraph_default.jpg,chron.com,English,United States
55,https://www.sfgate.com/business/article/AutoZone-Fiscal-2Q-Earnings-Snapshot-15992555.php,https://www.sfgate.com/business/amp/AutoZone-Fiscal-2Q-Earnings-Snapshot-15992555.php,AutoZone : Fiscal 2Q Earnings Snapshot,20210302T124500Z,https://www.sfgate.com/img/pages/article/opengraph_default.png,sfgate.com,English,United States
56,https://www.houstonchronicle.com/business/article/AutoZone-Fiscal-2Q-Earnings-Snapshot-15992555.php,https://www.houstonchronicle.com/business/amp/AutoZone-Fiscal-2Q-Earnings-Snapshot-15992555.php,AutoZone : Fiscal 2Q Earnings Snapshot,20210302T134500Z,https://www.houstonchronicle.com/img/pages/article/opengraph_default.jpg,houstonchronicle.com,English,United States
57,https://www.fool.com/investing/2021/03/24/forget-robinhood-check-out-these-favorites-from-th/?source=iedfolrf0000001,https://www.fool.com/amp/investing/2021/03/24/forget-robinhood-check-out-these-favorites-from-th/,Forget Robinhood : Check Out These Favorites From The Motley Fool Stock - Picking Game,20210324T173000Z,https://g.foolcdn.com/editorial/images/618920/android-feature-graphic-1.jpg,fool.com,English,United States
58,https://www.memphisflyer.com/memphis/attacker-kyle-murphy-the-latest-addition-for-memphis-901-fc/Content?oid=25041808,https://www.memphisflyer.com/memphis/attacker-kyle-murphy-the-latest-addition-for-memphis-901-fc/Content?oid=25041808 =AMP+HTML,Attacker Kyle Murphy the Latest Addition for Memphis 901 FC,20210312T201500Z,https://media2.fdncms.com/memphisflyer/imager/u/feature/25041812/149mem00236.jpg,memphisflyer.com,English,United States
59,https://www.memphisflyer.com/FromMySeat/archives/2021/02/22/hoop-lockdown-and-big-dates,https://www.memphisflyer.com/FromMySeat/archives/2021/02/22/hoop-lockdown-and-big-dates?media=AMP+HTML,Hoop Lockdown and Big Dates,20210222T173000Z,https://media1.fdncms.com/memphisflyer/imager/u/feature/24891404/lomax-ecu.jpg,memphisflyer.com,English,United States
60,https://fredericksburg.com/news/local/crime-and-courts/spotsylvania-man-arrested-for-shooting-man-outside-a-stafford-business/article_b8936014-0f03-575d-b099-764d913aa46a.html,https://fredericksburg.com/news/local/crime-and-courts/spotsylvania-man-arrested-for-shooting-man-outside-a-stafford-business/article_b8936014-0f03-575d-b099-764d913aa46a.amp.html,Spotsylvania man arrested for shooting man outside a Stafford business,20210227T203000Z,https://bloximages.chicago2.vip.townnews.com/fredericksburg.com/content/tncms/assets/v3/editorial/c/45/c451135a-c962-5310-8fea-cb5cf9906074/603a9d064e1b7.image.jpg?crop=480%2C270%2C0%2C185,fredericksburg.com,English,United States
61,https://dailyvoice.com/connecticut/newcanaan/police-fire/man-critical-following-shooting-at-fairfield-county-autozone/804013/,,Man Critical Following Shooting At Fairfield County AutoZone,20210301T074500Z,"https://daily-voice-res.cloudinary.com/image/upload/c_limit,e_sharpen,f_auto,q_auto:eco,w_640/Screen_Shot_2021-02-26_at_8.43.10_AM_w2c6wa.jpg",dailyvoice.com,English,United States
63,https://potomaclocal.com/2021/02/26/1-shot-outside-auto-parts-store-in-south-stafford/,,1 shot outside auto parts store in south Stafford,20210227T024500Z,https://d2lxfjodebgl4g.cloudfront.net/wp-content/uploads/2020/06/stafford-sherrifs-car.jpg,potomaclocal.com,English,United States
64,https://www.greenevillesun.com/business/ap_business/autozone-fiscal-2q-earnings-snapshot/article_0cb57431-1f68-549e-964b-d0d3f7d3ba8f.html,,AutoZone : Fiscal 2Q Earnings Snapshot,20210302T150000Z,https://bloximages.chicago2.vip.townnews.com/greenevillesun.com/content/tncms/custom/image/914a6cc2-9c57-11e6-8f6e-3b89b5f76385.jpg,greenevillesun.com,English,United States
65,https://www.marketwatch.com/articles/zoom-costco-target-snowflake-broadcom-and-other-stocks-for-investors-to-watch-this-week-51614636442,,"Zoom , Costco , Target , Snowflake , Broadcom , and Other Stocks for Investors to Watch This Week",20210301T223000Z,https://images.barrons.com/im-289564/social,marketwatch.com,English,United States
66,https://www.foxbusiness.com/lifestyle/wells-fargo-to-offer-employees-paid-time-off-for-covid-vaccine-appointments,https://www.foxbusiness.com/lifestyle/wells-fargo-to-offer-employees-paid-time-off-for-covid-vaccine-appointments.amp,"Wells Fargo , Bank of America , JPMorgan to offer employees paid time off for vaccine appointments",20210305T051500Z,https://a57.foxnews.com/static.foxbusiness.com/foxbusiness.com/content/uploads/2021/03/0/0/Wells-Fargo-GETTY.jpg?ve=1&tl=1,foxbusiness.com,English,United States
67,https://www.kait8.com/2021/03/03/autozone-hosting-drive-up-hiring-event/,/2021/03/03/autozone-hosting-drive-up-hiring-event/?outputType=amp,AutoZone hosting  drive - up  hiring event,20210303T153000Z,https://www.kait8.com/resizer/vJ3OjxQFOXLcnW6rRkocwrgQbrs=/1200x0/cloudfront-us-east-1.images.arcpublishing.com/raycom/X7QKVTMNVJDZ3HYV2W26ROLAPE.JPG,kait8.com,English,United States
68,https://www.marketwatch.com/articles/six-retailers-that-can-win-the-reopening-51615301302,,Six Retailers That Can Win the Reopening,20210309T151500Z,https://images.barrons.com/im-309204/social,marketwatch.com,English,United States
69,https://news.yahoo.com/5-industrial-companies-boosting-earnings-164850086.html,https://news.yahoo.com/amphtml/5-industrial-companies-boosting-earnings-164850086.html,5 Industrial Companies Boosting Earnings,20210303T171500Z,https://s.yimg.com/uu/api/res/1.2/GnB_ZpSzbZXV3_SjT9mkdw--~B/aD00MDA7dz02MDA7YXBwaWQ9eXRhY2h5b24-/https://media.zenfs.com/en/us.finance.gurufocus/0e0c201c21a97f58e1f433e4e61dec40,news.yahoo.com,English,United States
70,https://www.sfgate.com/news/article/Eight-killed-including-six-Asian-women-in-16031746.php,,"Eight killed , including six Asian women , in Atlanta - area massage parlor shootings",20210317T133000Z,https://s.hdnux.com/photos/01/17/12/24/20751668/48/rawImage.jpg,sfgate.com,English,United States
72,https://www.packworld.com:443/design/package-design/article/21283052/valvoline-revs-up-convenience-with-gear-oil-in-standup-pouches,,Valvoline Revs Up Convenience with Gear Oil in Stand - Up Pouches,20210222T153000Z,https://img.packworld.com/files/base/pmmi/all/image/2021/02/VALV_FlexFill_Static_2.602ac57b23c1e.png?auto=format&fit=max,packworld.com,English,United States
73,https://www.myleaderpaper.com/news/police_fire/suv-stolen-from-outside-arnold-auto-parts-store/article_006e4e80-873f-11eb-b647-87158c5c14b4.html,,SUV stolen from outside Arnold auto parts store,20210317T204500Z,https://bloximages.newyork1.vip.townnews.com/myleaderpaper.com/content/tncms/assets/v3/editorial/5/f1/5f145cfa-777c-11e5-9e47-1b5756869868/5626c49013826.image.jpg,myleaderpaper.com,English,United States
74,https://www.pennlive.com/life/2021/02/heres-whats-coming-to-this-former-central-pa-kmart-store-that-closed-in-2018.html,https://www.pennlive.com/life/2021/02/heres-whats-coming-to-this-former-central-pa-kmart-store-that-closed-in-2018.html?outputType=amp,Here what coming to this former central Pa . Kmart store that closed in 2018,20210225T181500Z,https://www.pennlive.com/resizer/a6Z41DlXyZebvraVsx9zK01GKv0=/1280x0/smart/cloudfront-us-east-1.images.arcpublishing.com/advancelocal/UNEK5EUD3JF5THBVX7J2NT3MLU.jpg,pennlive.com,English,United States
75,https://www.lockportjournal.com/news/crime/police-reports-published-on-march-23/article_cb68f26a-f5f9-5dd6-9d8a-95acff6148d2.html,,Police reports published on March 23,20210323T054500Z,https://bloximages.chicago2.vip.townnews.com/lockportjournal.com/content/tncms/custom/image/1607916a-a04b-11e5-8da0-23a879e9bf1f.jpg,lockportjournal.com,English,United States
76,https://www.wiltonbulletin.com/news/article/Shooting-reported-at-Bridgeport-McDonald-s-15980823.php,,Police : Derby man in critical condition after Bridgeport shooting,20210226T221500Z,https://s.hdnux.com/photos/01/16/63/06/20656565/19/rawImage.jpg,wiltonbulletin.com,English,United States
77,https://www.middletownpress.com/news/article/Shooting-reported-at-Bridgeport-McDonald-s-15980823.php,,Police : Derby man in critical condition after Bridgeport shooting,20210226T144500Z,https://s.hdnux.com/photos/01/16/63/06/20656565/19/rawImage.jpg,middletownpress.com,English,United States
78,https://www.marketwatch.com/articles/online-auto-supplier-parts-id-could-nearly-double-its-stock-price-analyst-says-51616524406,,"Online Auto Supplier Parts iD Could Nearly Double Its Stock Price , Analyst Says",20210323T190000Z,https://images.barrons.com/im-315090/social,marketwatch.com,English,United States
79,https://www.benzinga.com/topic/abercrombie-fitch,,abercrombie & fitch,20210321T134500Z,,benzinga.com,English,United States
80,https://www.marketwatch.com/press-release/e-retailing-in-automotive-market-to-eyewitness-massive-growth-by-2027-flipkart-alibaba-amazon-2021-03-15,,"E - Retailing In Automotive Market to Eyewitness Massive Growth by 2027 | Flipkart , Alibaba , Amazon",20210315T201500Z,,marketwatch.com,English,United States
81,https://www.idahostatejournal.com/news/local/new-pocatello-business-offers-mocktails-unique-food/article_e94f24d7-6069-5632-958a-305852e820e1.html,https://www.idahostatejournal.com/news/local/new-pocatello-business-offers-mocktails-unique-food/article_e94f24d7-6069-5632-958a-305852e820e1.amp.html,"New Pocatello business offers mocktails , unique food",20210316T023000Z,https://bloximages.chicago2.vip.townnews.com/idahostatejournal.com/content/tncms/assets/v3/editorial/e/3b/e3b314c2-821f-5851-9625-ea64d081db67/604fb2726188b.image.jpg,idahostatejournal.com,English,United States
82,https://www.stltoday.com/news/national/gas-prices-could-top-3-nationally-unless-opec-and-russia-start-pumping-more-oil/article_84f0ea0b-322d-522c-8cd3-551fd804dc1f.html,https://www.stltoday.com/news/national/gas-prices-could-top-3-nationally-unless-opec-and-russia-start-pumping-more-oil/article_84f0ea0b-322d-522c-8cd3-551fd804dc1f.amp.html,Gas prices could top $3 nationally unless OPEC and Russia start pumping more oil,20210228T210000Z,https://bloximages.newyork1.vip.townnews.com/stltoday.com/content/tncms/assets/v3/editorial/8/4f/84f0ea0b-322d-522c-8cd3-551fd804dc1f/603bb3dc4bf4b.preview.jpg?crop=1918%2C1079%2C0%2C0,stltoday.com,English,United States
83,https://www.ibtimes.com/more-companies-paying-covid-vaccines-jpmorgan-chase-wells-fargo-boa-more-3157206,https://www.ibtimes.com/more-companies-paying-covid-vaccines-jpmorgan-chase-wells-fargo-boa-more-3157206?amp=1,"More Companies Paying For COVID Vaccines : JPMorgan Chase , Wells Fargo , BOA , And More",20210305T164500Z,https://s1.ibtimes.com/sites/www.ibtimes.com/files/styles/full/public/2020/09/23/comments-by-wells-fargos-ceo-were-roundly-slammed.jpg,ibtimes.com,English,United States
84,https://www.fool.com/earnings/call-transcripts/2021/03/02/autozone-inc-azo-q2-2021-earnings-call-transcript/?source=iedfolrf0000001,https://www.fool.com/amp/earnings/call-transcripts/2021/03/02/autozone-inc-azo-q2-2021-earnings-call-transcript/,Autozone Inc ( AZO ) Q2 2021 Earnings Call Transcript,20210302T213000Z,,fool.com,English,United States
85,https://www.idahostatejournal.com/news/local/couple-opens-unique-food-business-in-pocatello/article_e94f24d7-6069-5632-958a-305852e820e1.html,https://www.idahostatejournal.com/news/local/couple-opens-unique-food-business-in-pocatello/article_e94f24d7-6069-5632-958a-305852e820e1.amp.html,Couple opens unique food business in Pocatello,20210310T084500Z,https://bloximages.chicago2.vip.townnews.com/idahostatejournal.com/content/tncms/assets/v3/editorial/e/3b/e3b314c2-821f-5851-9625-ea64d081db67/60487c0a0319c.image.jpg,idahostatejournal.com,English,United States
86,https://www.ford-trucks.com/forums/1653935-hydroboosting-my-6-9-a.html,,hydroboosting my 6 . 9 - Ford Truck Enthusiasts Forums,20210228T070000Z,,ford-trucks.com,English,United States
87,https://townhall.com/tipsheet/bethbaumann/2021/02/21/these-are-the-roughly-200-businesses-whose-leaders-are-backing-gun-control-initia-n2585088,https://townhall.com/tipsheet/bethbaumann/2021/02/21/these-are-the-roughly-200-businesses-whose-leaders-are-backing-gun-control-initia-n2585088?amp=true,These Are the Roughly 200 Businesses Whose Leaders Are Backing Gun Control Initiatives,20210222T034500Z,https://media.townhall.com/townhall/reu/s1280x720/2018/302/a0123976-2ccc-448d-910b-00848d639538.jpg,townhall.com,English,United States
88,https://www.cfo.com/capital-markets/2021/03/stock-buyback-plans-match-cfos-optimism/,,Stock Buyback Plans Match CFO Optimism,20210302T221500Z,https://cdn-cf.cfo.com/content/uploads/2019/07/buybacks.jpg,cfo.com,English,United States
89,https://wegotthiscovered.com/movies/internets-crazy-tom-hollands-movie/,https://wegotthiscovered.com/movies/internets-crazy-tom-hollands-movie/amp/,The Internet Going Crazy For Tom Holland New Movie,20210312T170000Z,https://wegotthiscovered.com/wp-content/uploads/2020/09/15989921772673729-5-1-1.jpg,wegotthiscovered.com,English,United States
90,https://www.wbur.org/cognoscenti/2021/03/05/teacher-covid-19-vaccine-charlie-baker-schools-kurt-ostrow,https://amp.wbur.org/cognoscenti/2021/03/05/teacher-covid-19-vaccine-charlie-baker-schools-kurt-ostrow,Dont Be Angry With Teachers For Wanting A Vaccine . Be Furious It Taken This Long,20210305T154500Z,http://d279m997dpfwgl.cloudfront.net/wp/2021/03/Teacher-1000x667.jpg,wbur.org,English,United States
91,https://www.globenewswire.com/news-release/2021/03/15/2193196/0/en/Monro-Inc-Appoints-Industry-Veteran-Michael-Broderick-as-President-and-Chief-Executive-Officer.html,,"Monro , Inc . Appoints Industry Veteran Michael Broderick as President and Chief Executive Officer",20210316T001500Z,,globenewswire.com,English,United States
92,https://www.business2community.com/email-marketing/how-to-create-your-customer-onboarding-email-series-02388576,,How to Create Your Customer Onboarding Email Series - Business 2 Community,20210223T233000Z,,business2community.com,English,United States
93,https://www.mdjonline.com/tribune/georgia/austin-homicide-police-offer-1-000-reward-for-information-on-shooting-sunday/article_65d56be1-205d-57be-a584-2d32d184168c.html,,"Austin homicide : Police offer $1 , 000 reward for information on shooting Sunday",20210322T054500Z,https://bloximages.newyork1.vip.townnews.com/mdjonline.com/content/tncms/assets/v3/editorial/8/90/8903bfb9-1457-57ea-9ea7-de49b335c677/6058019f98d43.image.jpg,mdjonline.com,English,United States
94,https://www.benzinga.com/topic/online,,Online | Benzinga,20210302T223000Z,,benzinga.com,English,United States
95,https://www.thenewsherald.com/news/trenton-woman-discovers-fraudulent-account-she-has-been-paying-for-was-opened-eight-years-ago/article_94109a44-7d0d-11eb-aa2f-d3310f14d8c6.html,,Trenton woman discovers fraudulent account she has been paying for was opened eight years ago,20210304T191500Z,https://bloximages.chicago2.vip.townnews.com/thenewsherald.com/content/tncms/assets/v3/editorial/d/12/d12c3b7a-5cb3-5d76-abf6-40a69753def8/58a5d44d3549e.image.jpg,thenewsherald.com,English,United States
96,https://www.nytimes.com/wirecutter/blog/burlap-barrel-cured-sumac-review/,https://www.nytimes.com/wirecutter/blog/burlap-barrel-cured-sumac-review/amp/,Sohla El - Waylly Buys This Puckery Spice by the Pound,20210303T221500Z,https://cdn.thewirecutter.com/wp-content/media/2021/03/20210224_sohla_el-waylly_sumac_1260.jpg?auto=webp&quality=60&crop=1.91:1,nytimes.com,English,United States
97,https://www.washingtonpost.com/goingoutguide/music/james-bangura-profile/2021/03/03/70573f8c-77b7-11eb-948d-19472e683521_story.html,https://www.washingtonpost.com/goingoutguide/music/james-bangura-profile/2021/03/03/70573f8c-77b7-11eb-948d-19472e683521_story.html?outputType=amp,"In the standstill of the pandemic , James Bangura music is still moving people",20210304T141500Z,https://arc-anglerfish-washpost-prod-washpost.s3.amazonaws.com/public/N4C3CWD3TMI6XDC6GLSHWQVVDM.jpg,washingtonpost.com,English,United States
98,https://www.newsday.com/business/brinkmann-hardware-hauppauge-mattituck-1.50163237,https://www.newsday.com/amp/business/brinkmann-hardware-hauppauge-mattituck-1.50163237,"As Brinkmann Hardware expands , legal row over Mattituck site continues",20210224T141500Z,https://cdn.newsday.com/polopoly_fs/1.50163238.1614134612!/httpImage/image.jpg_gen/derivatives/landscape_1280/image.jpg,newsday.com,English,United States
99,https://www.wibc.com/news/local-indiana/seal-of-approval-for-delivery-robots-could-become-final-next-week/,,Seal of Approval for Delivery Robots Could Become Final Next Week,20210309T233000Z,https://dehayf5mhw1h7.cloudfront.net/wp-content/uploads/sites/1317/2021/03/09151030/GettyImages-912170576-1024x679.jpg,wibc.com,English,United States
100,https://www.ford-trucks.com/forums/1655920-power-steering-box-rebuild-77-f150-4x4.html,,Power steering box rebuild ( 77 f150 4x4 ) - Ford Truck Enthusiasts Forums,20210318T074500Z,https://cimg5.ibsrv.net/gimg/www.ford-trucks.com-vbulletin/1500x2000/bd718f0e_e899_4c26_b57e_54d775cbaffb_27cc13e16f4b7143f64512952731f78bbae8f149.jpeg,ford-trucks.com,English,United States
101,https://www.benzinga.com/news/earnings/21/03/19933099/a-peek-into-the-markets-us-stock-futures-edge-lower-following-mondays-rally-crude-oil-drops-1,https://amp.benzinga.com/amp/content/19933099,A Peek Into The Markets : US Stock Futures Edge Lower Following Monday Rally ; Crude Oil Drops 1 % ,20210302T113000Z,,benzinga.com,English,United States
102,https://richmond.com/news/national/gas-prices-could-top-3-nationally-unless-opec-and-russia-start-pumping-more-oil/article_c14c59e4-6118-57ef-b8fd-187ef743966e.html,https://richmond.com/news/national/gas-prices-could-top-3-nationally-unless-opec-and-russia-start-pumping-more-oil/article_c14c59e4-6118-57ef-b8fd-187ef743966e.amp.html,Gas prices could top $3 nationally unless OPEC and Russia start pumping more oil,20210228T224500Z,https://bloximages.newyork1.vip.townnews.com/richmond.com/content/tncms/assets/v3/editorial/c/14/c14c59e4-6118-57ef-b8fd-187ef743966e/603bb3dec609d.preview.jpg?crop=1918%2C1079%2C0%2C0,richmond.com,English,United States
103,https://buffalonews.com/news/national/gas-prices-could-top-3-nationally-unless-opec-and-russia-start-pumping-more-oil/article_969aad7d-e0dd-5107-b8df-324e0fb56c6a.html,https://buffalonews.com/news/national/gas-prices-could-top-3-nationally-unless-opec-and-russia-start-pumping-more-oil/article_969aad7d-e0dd-5107-b8df-324e0fb56c6a.amp.html,Gas prices could top $3 nationally unless OPEC and Russia start pumping more oil,20210301T000000Z,https://bloximages.chicago2.vip.townnews.com/buffalonews.com/content/tncms/assets/v3/editorial/9/69/969aad7d-e0dd-5107-b8df-324e0fb56c6a/603bb40047a41.preview.jpg?crop=1918%2C1079%2C0%2C0,buffalonews.com,English,United States
104,https://madison.com/news/national/gas-prices-could-top-3-nationally-unless-opec-and-russia-start-pumping-more-oil/article_0075ac5d-9831-5033-9e5a-7ee2b2f048fd.html,https://madison.com/news/national/gas-prices-could-top-3-nationally-unless-opec-and-russia-start-pumping-more-oil/article_0075ac5d-9831-5033-9e5a-7ee2b2f048fd.amp.html,Gas prices could top $3 nationally unless OPEC and Russia start pumping more oil,20210228T203000Z,https://bloximages.chicago2.vip.townnews.com/madison.com/content/tncms/assets/v3/editorial/0/07/0075ac5d-9831-5033-9e5a-7ee2b2f048fd/603bb3eb7cd54.preview.jpg?crop=1918%2C1079%2C0%2C0,madison.com,English,United States
105,https://journalstar.com/news/national/gas-prices-could-top-3-nationally-unless-opec-and-russia-start-pumping-more-oil/article_d92d6d6c-022c-5c94-ae39-79d2f7a443f9.html,https://journalstar.com/news/national/gas-prices-could-top-3-nationally-unless-opec-and-russia-start-pumping-more-oil/article_d92d6d6c-022c-5c94-ae39-79d2f7a443f9.amp.html,Gas prices could top $3 nationally unless OPEC and Russia start pumping more oil,20210301T000000Z,https://bloximages.chicago2.vip.townnews.com/journalstar.com/content/tncms/assets/v3/editorial/d/92/d92d6d6c-022c-5c94-ae39-79d2f7a443f9/603bb39958e6e.preview.jpg?crop=1918%2C1079%2C0%2C0,journalstar.com,English,United States
106,https://www.nwitimes.com/news/national/gas-prices-could-top-3-nationally-unless-opec-and-russia-start-pumping-more-oil/article_c02490c3-8fdf-5fb7-b26e-e3c0fc127fb0.html,https://www.nwitimes.com/news/national/gas-prices-could-top-3-nationally-unless-opec-and-russia-start-pumping-more-oil/article_c02490c3-8fdf-5fb7-b26e-e3c0fc127fb0.amp.html,Gas prices could top $3 nationally unless OPEC and Russia start pumping more oil,20210228T204500Z,https://bloximages.chicago2.vip.townnews.com/nwitimes.com/content/tncms/assets/v3/editorial/c/02/c02490c3-8fdf-5fb7-b26e-e3c0fc127fb0/603bb3f916f06.preview.jpg?crop=1918%2C1079%2C0%2C0,nwitimes.com,English,United States
107,https://qctimes.com/news/national/gas-prices-could-top-3-nationally-unless-opec-and-russia-start-pumping-more-oil/article_1cee70d0-9769-5ad2-ba19-92fcb207d3d3.html,https://qctimes.com/news/national/gas-prices-could-top-3-nationally-unless-opec-and-russia-start-pumping-more-oil/article_1cee70d0-9769-5ad2-ba19-92fcb207d3d3.amp.html,Gas prices could top $3 nationally unless OPEC and Russia start pumping more oil,20210228T210000Z,https://bloximages.chicago2.vip.townnews.com/qctimes.com/content/tncms/assets/v3/editorial/1/ce/1cee70d0-9769-5ad2-ba19-92fcb207d3d3/603bb39440e19.preview.jpg?crop=1918%2C1079%2C0%2C0,qctimes.com,English,United States
108,https://www.marketwatch.com/press-release/automotive-e--tailing-market-covid-19-impact-analysis-status-and-leading-global-companies-2021-2030-2021-03-22,,"Automotive E - Tailing Market COVID - 19 Impact , Analysis , Status and Leading Global Companies 2021 - 2030",20210322T054500Z,,marketwatch.com,English,United States
109,https://www.msn.com/en-us/money/companies/autozone-inc-azo-q2-2021-earnings-call-transcript/ar-BB1eapQN,,Autozone Inc ( AZO ) Q2 2021 Earnings Call Transcript,20210302T214500Z,,msn.com,English,United States
110,https://poststar.com/news/national/gas-prices-could-top-3-nationally-unless-opec-and-russia-start-pumping-more-oil/article_3ed11797-f024-5f94-aaa8-80aa13821649.html,https://poststar.com/news/national/gas-prices-could-top-3-nationally-unless-opec-and-russia-start-pumping-more-oil/article_3ed11797-f024-5f94-aaa8-80aa13821649.amp.html,Gas prices could top $3 nationally unless OPEC and Russia start pumping more oil,20210228T203000Z,https://bloximages.chicago2.vip.townnews.com/poststar.com/content/tncms/assets/v3/editorial/3/ed/3ed11797-f024-5f94-aaa8-80aa13821649/603bb3cf6e746.preview.jpg?crop=1918%2C1079%2C0%2C0,poststar.com,English,United States
111,https://siouxcityjournal.com/news/national/gas-prices-could-top-3-nationally-unless-opec-and-russia-start-pumping-more-oil/article_226ad0e5-eb1a-53bf-9abc-2b9ada2c964a.html,https://siouxcityjournal.com/news/national/gas-prices-could-top-3-nationally-unless-opec-and-russia-start-pumping-more-oil/article_226ad0e5-eb1a-53bf-9abc-2b9ada2c964a.amp.html,Gas prices could top $3 nationally unless OPEC and Russia start pumping more oil,20210228T200000Z,https://bloximages.chicago2.vip.townnews.com/siouxcityjournal.com/content/tncms/assets/v3/editorial/2/26/226ad0e5-eb1a-53bf-9abc-2b9ada2c964a/603bb37f203dc.preview.jpg?crop=1918%2C1079%2C0%2C0,siouxcityjournal.com,English,United States
112,https://www.pantagraph.com/news/national/gas-prices-could-top-3-nationally-unless-opec-and-russia-start-pumping-more-oil/article_46145be3-44d1-5e4c-ab1b-a45a5c7588c0.html,https://www.pantagraph.com/news/national/gas-prices-could-top-3-nationally-unless-opec-and-russia-start-pumping-more-oil/article_46145be3-44d1-5e4c-ab1b-a45a5c7588c0.amp.html,Gas prices could top $3 nationally unless OPEC and Russia start pumping more oil,20210228T214500Z,https://bloximages.chicago2.vip.townnews.com/pantagraph.com/content/tncms/assets/v3/editorial/4/61/46145be3-44d1-5e4c-ab1b-a45a5c7588c0/603bb39ea9854.preview.jpg?crop=1918%2C1079%2C0%2C0,pantagraph.com,English,United States
113,https://globegazette.com/news/national/gas-prices-could-top-3-nationally-unless-opec-and-russia-start-pumping-more-oil/article_8e5d91fc-4835-5521-801d-01204595129f.html,https://globegazette.com/news/national/gas-prices-could-top-3-nationally-unless-opec-and-russia-start-pumping-more-oil/article_8e5d91fc-4835-5521-801d-01204595129f.amp.html,Gas prices could top $3 nationally unless OPEC and Russia start pumping more oil,20210228T234500Z,https://bloximages.chicago2.vip.townnews.com/globegazette.com/content/tncms/assets/v3/editorial/8/e5/8e5d91fc-4835-5521-801d-01204595129f/603bb3d96690d.preview.jpg?crop=1918%2C1079%2C0%2C0,globegazette.com,English,United States
114,https://missoulian.com/news/national/gas-prices-could-top-3-nationally-unless-opec-and-russia-start-pumping-more-oil/article_ee6e5f42-6ec9-563e-8eed-9d2fff6cdfbf.html,https://missoulian.com/news/national/gas-prices-could-top-3-nationally-unless-opec-and-russia-start-pumping-more-oil/article_ee6e5f42-6ec9-563e-8eed-9d2fff6cdfbf.amp.html,Gas prices could top $3 nationally unless OPEC and Russia start pumping more oil,20210228T201500Z,https://bloximages.chicago2.vip.townnews.com/missoulian.com/content/tncms/assets/v3/editorial/e/e6/ee6e5f42-6ec9-563e-8eed-9d2fff6cdfbf/603bb3aba05af.preview.jpg?crop=1918%2C1079%2C0%2C0,missoulian.com,English,United States
115,https://www.delawareonline.com/story/news/local/2021/03/03/delaware-target-trader-joes-wegmans-update/4482595001/,https://amp.delawareonline.com/amp/4482595001,"Delaware development : New Target , Trader Joe and Wegmans coming soon",20210303T131500Z,"https://www.gannett-cdn.com/presto/2021/02/15/PWIL/c85b953a-ee7c-466c-8b1c-82bff8920dac-PricesCorner8.jpg?crop=5083,2860,x0,y483&fit=bounds",delawareonline.com,English,United States
116,https://lacrossetribune.com/news/national/gas-prices-could-top-3-nationally-unless-opec-and-russia-start-pumping-more-oil/article_33753e0a-ff30-5fd9-9008-5383cfea9ff9.html,https://lacrossetribune.com/news/national/gas-prices-could-top-3-nationally-unless-opec-and-russia-start-pumping-more-oil/article_33753e0a-ff30-5fd9-9008-5383cfea9ff9.amp.html,Gas prices could top $3 nationally unless OPEC and Russia start pumping more oil,20210228T213000Z,https://bloximages.chicago2.vip.townnews.com/lacrossetribune.com/content/tncms/assets/v3/editorial/3/37/33753e0a-ff30-5fd9-9008-5383cfea9ff9/603bb387cfced.preview.jpg?crop=1918%2C1079%2C0%2C0,lacrossetribune.com,English,United States
117,https://journaltimes.com/news/national/gas-prices-could-top-3-nationally-unless-opec-and-russia-start-pumping-more-oil/article_53eaa962-5bfc-505b-979f-08ed8fec4ce2.html,https://journaltimes.com/news/national/gas-prices-could-top-3-nationally-unless-opec-and-russia-start-pumping-more-oil/article_53eaa962-5bfc-505b-979f-08ed8fec4ce2.amp.html,Gas prices could top $3 nationally unless OPEC and Russia start pumping more oil,20210228T224500Z,https://bloximages.chicago2.vip.townnews.com/journaltimes.com/content/tncms/assets/v3/editorial/5/3e/53eaa962-5bfc-505b-979f-08ed8fec4ce2/603bb390678cd.preview.jpg?crop=1918%2C1079%2C0%2C0,journaltimes.com,English,United States
118,https://billingsgazette.com/news/national/gas-prices-could-top-3-nationally-unless-opec-and-russia-start-pumping-more-oil/article_c61f407a-775e-579e-a662-84e2be7bb9d0.html,https://billingsgazette.com/news/national/gas-prices-could-top-3-nationally-unless-opec-and-russia-start-pumping-more-oil/article_c61f407a-775e-579e-a662-84e2be7bb9d0.amp.html,Gas prices could top $3 nationally unless OPEC and Russia start pumping more oil,20210228T220000Z,https://bloximages.chicago2.vip.townnews.com/billingsgazette.com/content/tncms/assets/v3/editorial/c/61/c61f407a-775e-579e-a662-84e2be7bb9d0/603bb3c4cd236.preview.jpg?crop=1918%2C1079%2C0%2C0,billingsgazette.com,English,United States
119,https://mtstandard.com/news/national/gas-prices-could-top-3-nationally-unless-opec-and-russia-start-pumping-more-oil/article_60aa2ac0-32a1-5a5e-a445-25ff19d3f1b8.html,https://mtstandard.com/news/national/gas-prices-could-top-3-nationally-unless-opec-and-russia-start-pumping-more-oil/article_60aa2ac0-32a1-5a5e-a445-25ff19d3f1b8.amp.html,Gas prices could top $3 nationally unless OPEC and Russia start pumping more oil,20210228T211500Z,https://bloximages.chicago2.vip.townnews.com/mtstandard.com/content/tncms/assets/v3/editorial/6/0a/60aa2ac0-32a1-5a5e-a445-25ff19d3f1b8/603bb3fb40d16.preview.jpg?crop=1918%2C1079%2C0%2C0,mtstandard.com,English,United States
120,https://trib.com/news/national/gas-prices-could-top-3-nationally-unless-opec-and-russia-start-pumping-more-oil/article_cd9bf9be-40fa-549e-b3d0-f3fb2fed3634.html,https://trib.com/news/national/gas-prices-could-top-3-nationally-unless-opec-and-russia-start-pumping-more-oil/article_cd9bf9be-40fa-549e-b3d0-f3fb2fed3634.amp.html,Gas prices could top $3 nationally unless OPEC and Russia start pumping more oil,20210228T234500Z,https://bloximages.chicago2.vip.townnews.com/trib.com/content/tncms/assets/v3/editorial/c/d9/cd9bf9be-40fa-549e-b3d0-f3fb2fed3634/603bb38658a89.preview.jpg?crop=1918%2C1079%2C0%2C0,trib.com,English,United States
121,http://www.courant.com/news/connecticut/hc-news-ct-catalytic-thefts-20210302-uisyf6awozejncvwujyloennji-story.html,https://www.courant.com/news/connecticut/hc-news-ct-catalytic-thefts-20210302-uisyf6awozejncvwujyloennji-story.html?outputType=amp,Catalytic converter thefts increasing in Connecticut as metal prices rise,20210302T113000Z,https://www.courant.com/resizer/HcxF4axyLuw4OWg9Xt40MR8EZPY=/1200x0/top/cloudfront-us-east-1.images.arcpublishing.com/tronc/PGVAHT4WV74WWNDXD35MFD23DQ.jpg,courant.com,English,United States
122,https://classichits1390.iheart.com/featured/rush-limbaugh/content/2021-03-22-pn-rush-limbaugh-our-founding-principles-are-under-assault-by-the-left/,,Our Founding Principles Are Under Assault by the Left | KRRZ - AM,20210322T210000Z,https://www.rushlimbaugh.com/wp-content/uploads/2020/07/APP-071620-assault.jpg,classichits1390.iheart.com,English,United States
123,http://www.chicagotribune.com/columns/john-kass/ct-prem-john-kass-chicago-cop-20210318-gfjcvbcrkrdkzgcd3h23tz5pmi-story.html,https://www.chicagotribune.com/columns/john-kass/ct-prem-john-kass-chicago-cop-20210318-gfjcvbcrkrdkzgcd3h23tz5pmi-story.html?outputType=amp,Column : Whod want to be a Chicago cop ? - Chicago Tribune,20210318T114500Z,https://www.chicagotribune.com/resizer/iIaToyuTWUkEogZqV_CJhuc7cG0=/1200x0/center/bottom/cloudfront-us-east-1.images.arcpublishing.com/tronc/IVKI5R3L6NFXLHMQZS72P3STYY.jpg,chicagotribune.com,English,United States
124,https://auburnpub.com/news/national/gas-prices-could-top-3-nationally-unless-opec-and-russia-start-pumping-more-oil/article_ef2d541b-3158-512a-ba80-d9a90a29dae1.html,https://auburnpub.com/news/national/gas-prices-could-top-3-nationally-unless-opec-and-russia-start-pumping-more-oil/article_ef2d541b-3158-512a-ba80-d9a90a29dae1.amp.html,Gas prices could top $3 nationally unless OPEC and Russia start pumping more oil,20210228T210000Z,https://bloximages.chicago2.vip.townnews.com/auburnpub.com/content/tncms/assets/v3/editorial/e/f2/ef2d541b-3158-512a-ba80-d9a90a29dae1/603bb3dfb41ec.preview.jpg?crop=1918%2C1079%2C0%2C0,auburnpub.com,English,United States
125,https://napavalleyregister.com/news/national/gas-prices-could-top-3-nationally-unless-opec-and-russia-start-pumping-more-oil/article_1597c0c1-a2e3-548e-a9f9-dd87f3369c5d.html,https://napavalleyregister.com/news/national/gas-prices-could-top-3-nationally-unless-opec-and-russia-start-pumping-more-oil/article_1597c0c1-a2e3-548e-a9f9-dd87f3369c5d.amp.html,Gas prices could top $3 nationally unless OPEC and Russia start pumping more oil,20210301T000000Z,https://bloximages.chicago2.vip.townnews.com/napavalleyregister.com/content/tncms/assets/v3/editorial/1/59/1597c0c1-a2e3-548e-a9f9-dd87f3369c5d/603bb38dbbb28.preview.jpg?crop=1918%2C1079%2C0%2C0,napavalleyregister.com,English,United States
126,https://bismarcktribune.com/news/national/gas-prices-could-top-3-nationally-unless-opec-and-russia-start-pumping-more-oil/article_3ac29ce1-f59b-56c5-8e84-98ac46caa215.html,https://bismarcktribune.com/news/national/gas-prices-could-top-3-nationally-unless-opec-and-russia-start-pumping-more-oil/article_3ac29ce1-f59b-56c5-8e84-98ac46caa215.amp.html,Gas prices could top $3 nationally unless OPEC and Russia start pumping more oil,20210228T230000Z,https://bloximages.chicago2.vip.townnews.com/bismarcktribune.com/content/tncms/assets/v3/editorial/3/ac/3ac29ce1-f59b-56c5-8e84-98ac46caa215/603bb4019d7c8.preview.jpg?crop=1918%2C1079%2C0%2C0,bismarcktribune.com,English,United States
127,https://magicvalley.com/news/national/gas-prices-could-top-3-nationally-unless-opec-and-russia-start-pumping-more-oil/article_6b7d5075-5099-58e7-b5e2-cc7e2711cc3c.html,https://magicvalley.com/news/national/gas-prices-could-top-3-nationally-unless-opec-and-russia-start-pumping-more-oil/article_6b7d5075-5099-58e7-b5e2-cc7e2711cc3c.amp.html,Gas prices could top $3 nationally unless OPEC and Russia start pumping more oil,20210228T210000Z,https://bloximages.chicago2.vip.townnews.com/magicvalley.com/content/tncms/assets/v3/editorial/6/b7/6b7d5075-5099-58e7-b5e2-cc7e2711cc3c/603bb3cc52410.preview.jpg?crop=1918%2C1079%2C0%2C0,magicvalley.com,English,United States
128,https://www.tirebusiness.com/news/advance-auto-exec-broderick-hired-lead-monro-inc,,Advance Auto exec Broderick hired to lead Monro Inc . ,20210316T001500Z,https://www.tirebusiness.com/s3/files/styles/800x600/public/Broderick%2C%20Mike-Monro_i.jpg?h=e7a8a4b1,tirebusiness.com,English,United States
129,https://www.standardspeaker.com/news/25th-annual-greater-hazleton-job-fair-headed-to-laurel-mall-on-thursday/article_46eecdaa-3e69-564c-9437-3b82ed1d481b.html,https://www.standardspeaker.com/news/25th-annual-greater-hazleton-job-fair-headed-to-laurel-mall-on-thursday/article_46eecdaa-3e69-564c-9437-3b82ed1d481b.amp.html,25th annual Greater Hazleton Job Fair headed to Laurel Mall on Thursday,20210324T023000Z,https://bloximages.newyork1.vip.townnews.com/standardspeaker.com/content/tncms/assets/v3/editorial/6/7c/67cee1a6-510a-5944-a665-bc3728be4e55/605a651e1c245.image.jpg,standardspeaker.com,English,United States
130,https://azdailysun.com/news/national/gas-prices-could-top-3-nationally-unless-opec-and-russia-start-pumping-more-oil/article_7305e54d-c272-5a08-b06b-1755d97124bf.html,https://azdailysun.com/news/national/gas-prices-could-top-3-nationally-unless-opec-and-russia-start-pumping-more-oil/article_7305e54d-c272-5a08-b06b-1755d97124bf.amp.html,Gas prices could top $3 nationally unless OPEC and Russia start pumping more oil,20210228T224500Z,https://bloximages.chicago2.vip.townnews.com/azdailysun.com/content/tncms/assets/v3/editorial/7/30/7305e54d-c272-5a08-b06b-1755d97124bf/603bb3dd6cc6d.preview.jpg?crop=1918%2C1079%2C0%2C0,azdailysun.com,English,United States
131,https://www.msn.com/en-us/money/other/delaware-development-updates-on-new-target-trader-joes-and-wegmans/ar-BB1ebIRF,,"Delaware development : Updates on new Target , Trader Joe and Wegmans",20210303T104500Z,,msn.com,English,United States
132,https://greensboro.com/news/national/gas-prices-could-top-3-nationally-unless-opec-and-russia-start-pumping-more-oil/article_3f556e2e-37c7-5a2e-b3fa-a4f302d0c49f.html,https://greensboro.com/news/national/gas-prices-could-top-3-nationally-unless-opec-and-russia-start-pumping-more-oil/article_3f556e2e-37c7-5a2e-b3fa-a4f302d0c49f.amp.html,Gas prices could top $3 nationally unless OPEC and Russia start pumping more oil,20210228T214500Z,https://bloximages.newyork1.vip.townnews.com/greensboro.com/content/tncms/assets/v3/editorial/3/f5/3f556e2e-37c7-5a2e-b3fa-a4f302d0c49f/603bb37c3898c.preview.jpg?crop=1918%2C1079%2C0%2C0,greensboro.com,English,United States
133,https://omaha.com/news/national/gas-prices-could-top-3-nationally-unless-opec-and-russia-start-pumping-more-oil/article_a622050b-251b-58fc-9330-328bb08d058e.html,https://omaha.com/news/national/gas-prices-could-top-3-nationally-unless-opec-and-russia-start-pumping-more-oil/article_a622050b-251b-58fc-9330-328bb08d058e.amp.html,Gas prices could top $3 nationally unless OPEC and Russia start pumping more oil,20210228T203000Z,https://bloximages.newyork1.vip.townnews.com/omaha.com/content/tncms/assets/v3/editorial/a/62/a622050b-251b-58fc-9330-328bb08d058e/603bb421db612.preview.jpg?crop=1918%2C1079%2C0%2C0,omaha.com,English,United States
134,https://journalnow.com/news/national/gas-prices-could-top-3-nationally-unless-opec-and-russia-start-pumping-more-oil/article_b7b899ac-57da-5734-853e-5c2a8875804d.html,https://journalnow.com/news/national/gas-prices-could-top-3-nationally-unless-opec-and-russia-start-pumping-more-oil/article_b7b899ac-57da-5734-853e-5c2a8875804d.amp.html,Gas prices could top $3 nationally unless OPEC and Russia start pumping more oil,20210228T214500Z,https://bloximages.newyork1.vip.townnews.com/journalnow.com/content/tncms/assets/v3/editorial/b/7b/b7b899ac-57da-5734-853e-5c2a8875804d/603bb3fa0b5b0.preview.jpg?crop=1918%2C1079%2C0%2C0,journalnow.com,English,United States
135,https://roanoke.com/news/national/gas-prices-could-top-3-nationally-unless-opec-and-russia-start-pumping-more-oil/article_45994f7c-43f5-5d6b-aedc-9e697709689e.html,https://roanoke.com/news/national/gas-prices-could-top-3-nationally-unless-opec-and-russia-start-pumping-more-oil/article_45994f7c-43f5-5d6b-aedc-9e697709689e.amp.html,Gas prices could top $3 nationally unless OPEC and Russia start pumping more oil,20210228T234500Z,https://bloximages.newyork1.vip.townnews.com/roanoke.com/content/tncms/assets/v3/editorial/4/59/45994f7c-43f5-5d6b-aedc-9e697709689e/603bb3a1a1de3.preview.jpg?crop=1918%2C1079%2C0%2C0,roanoke.com,English,United States
136,http://www.dailyjournal.net/2021/03/22/police_fire__march_22-6/,,"Police , Fire – March 22",20210322T091500Z,https://d1bdhkmqqz901h.cloudfront.net/1200x630/smart/http://www.dailyjournal.net/wp-content/files/sites/9/2016/06/police-lights.jpg,dailyjournal.net,English,United States
137,https://tulsaworld.com/news/national/gas-prices-could-top-3-nationally-unless-opec-and-russia-start-pumping-more-oil/article_260a52e5-9a37-5877-a913-f04ad5b9da37.html,https://tulsaworld.com/news/national/gas-prices-could-top-3-nationally-unless-opec-and-russia-start-pumping-more-oil/article_260a52e5-9a37-5877-a913-f04ad5b9da37.amp.html,Gas prices could top $3 nationally unless OPEC and Russia start pumping more oil,20210228T200000Z,https://bloximages.newyork1.vip.townnews.com/tulsaworld.com/content/tncms/assets/v3/editorial/2/60/260a52e5-9a37-5877-a913-f04ad5b9da37/603bb3d865452.preview.jpg?crop=1918%2C1079%2C0%2C0,tulsaworld.com,English,United States
138,https://tucson.com/news/national/gas-prices-could-top-3-nationally-unless-opec-and-russia-start-pumping-more-oil/article_6be804a6-42bd-5290-bc3a-d69fab86a56a.html,https://tucson.com/news/national/gas-prices-could-top-3-nationally-unless-opec-and-russia-start-pumping-more-oil/article_6be804a6-42bd-5290-bc3a-d69fab86a56a.amp.html,Gas prices could top $3 nationally unless OPEC and Russia start pumping more oil,20210228T201500Z,https://bloximages.chicago2.vip.townnews.com/tucson.com/content/tncms/assets/v3/editorial/6/be/6be804a6-42bd-5290-bc3a-d69fab86a56a/603bb07fd26a4.preview.jpg?crop=1918%2C1079%2C0%2C0,tucson.com,English,United States
139,https://kvia.com/news/business-technology/2021/02/28/3-gasoline-could-be-around-the-corner-unless-opec-and-russia-start-pumping-more-oil/,https://kvia.com/amp/3-gasoline-could-be-around-the-corner-unless-opec-and-russia-start-pumping-more-oil,$3 gasoline could be around the corner unless OPEC and Russia start pumping more oil,20210228T144500Z,https://kvia.b-cdn.net/2019/10/featured-biz-tech-860x484.jpeg,kvia.com,English,United States
140,https://heraldcourier.com/news/national/gas-prices-could-top-3-nationally-unless-opec-and-russia-start-pumping-more-oil/article_4e12499f-966e-5896-ab03-56c7087f305f.html,https://heraldcourier.com/news/national/gas-prices-could-top-3-nationally-unless-opec-and-russia-start-pumping-more-oil/article_4e12499f-966e-5896-ab03-56c7087f305f.amp.html,Gas prices could top $3 nationally unless OPEC and Russia start pumping more oil,20210228T200000Z,https://bloximages.newyork1.vip.townnews.com/heraldcourier.com/content/tncms/assets/v3/editorial/4/e1/4e12499f-966e-5896-ab03-56c7087f305f/603bb41660e5a.preview.jpg?crop=1918%2C1079%2C0%2C0,heraldcourier.com,English,United States
141,https://pressofatlanticcity.com/news/national/gas-prices-could-top-3-nationally-unless-opec-and-russia-start-pumping-more-oil/article_8b57a531-c7c8-53cd-b46f-262872b117fb.html,https://pressofatlanticcity.com/news/national/gas-prices-could-top-3-nationally-unless-opec-and-russia-start-pumping-more-oil/article_8b57a531-c7c8-53cd-b46f-262872b117fb.amp.html,Gas prices could top $3 nationally unless OPEC and Russia start pumping more oil,20210228T224500Z,https://bloximages.chicago2.vip.townnews.com/pressofatlanticcity.com/content/tncms/assets/v3/editorial/8/b5/8b57a531-c7c8-53cd-b46f-262872b117fb/603bb3f89cecd.preview.jpg?crop=1918%2C1079%2C0%2C0,pressofatlanticcity.com,English,United States
142,https://herald-review.com/news/national/gas-prices-could-top-3-nationally-unless-opec-and-russia-start-pumping-more-oil/article_6dc953ff-657b-53fa-8334-d9f8fa37f63f.html,https://herald-review.com/news/national/gas-prices-could-top-3-nationally-unless-opec-and-russia-start-pumping-more-oil/article_6dc953ff-657b-53fa-8334-d9f8fa37f63f.amp.html,Gas prices could top $3 nationally unless OPEC and Russia start pumping more oil,20210228T224500Z,https://bloximages.chicago2.vip.townnews.com/herald-review.com/content/tncms/assets/v3/editorial/6/dc/6dc953ff-657b-53fa-8334-d9f8fa37f63f/603bb39d18f05.preview.jpg?crop=1918%2C1079%2C0%2C0,herald-review.com,English,United States
143,http://www.msn.com/en-nz/news/crime/one-man-charged-after-8-people-mostly-asian-women-were-killed-in-3-spa-shootings-in-the-atlanta-area/ar-BB1eEXhi,,One man charged after 8 people - mostly Asian women - were killed in 3 spa shootings in the Atlanta area,20210318T021500Z,,msn.com,English,United States
144,https://techcrunch.com/2021/02/26/first-boulevard-raises-5m-for-its-digital-bank-aimed-at-black-america/,https://techcrunch.com/2021/02/26/first-boulevard-raises-5m-for-its-digital-bank-aimed-at-black-america/amp/,First Boulevard raises $5M for its digital bank aimed at Black America – TechCrunch,20210226T154500Z,,techcrunch.com,English,United States
145,https://dailyprogress.com/news/national/gas-prices-could-top-3-nationally-unless-opec-and-russia-start-pumping-more-oil/article_06fb8a6f-91e4-5f17-8efa-97b574dd045c.html,https://dailyprogress.com/news/national/gas-prices-could-top-3-nationally-unless-opec-and-russia-start-pumping-more-oil/article_06fb8a6f-91e4-5f17-8efa-97b574dd045c.amp.html,Gas prices could top $3 nationally unless OPEC and Russia start pumping more oil,20210301T000000Z,https://bloximages.newyork1.vip.townnews.com/dailyprogress.com/content/tncms/assets/v3/editorial/0/6f/06fb8a6f-91e4-5f17-8efa-97b574dd045c/603bb40275322.preview.jpg?crop=1918%2C1079%2C0%2C0,dailyprogress.com,English,United States
146,https://newsadvance.com/news/national/gas-prices-could-top-3-nationally-unless-opec-and-russia-start-pumping-more-oil/article_124206c5-00e6-58e6-baba-13b47a8627aa.html,https://newsadvance.com/news/national/gas-prices-could-top-3-nationally-unless-opec-and-russia-start-pumping-more-oil/article_124206c5-00e6-58e6-baba-13b47a8627aa.amp.html,Gas prices could top $3 nationally unless OPEC and Russia start pumping more oil,20210228T210000Z,https://bloximages.newyork1.vip.townnews.com/newsadvance.com/content/tncms/assets/v3/editorial/1/24/124206c5-00e6-58e6-baba-13b47a8627aa/603bb40277ca3.preview.jpg?crop=1918%2C1079%2C0%2C0,newsadvance.com,English,United States
147,https://www.erienewsnow.com/story/43421122/3-gasoline-could-be-around-the-corner-unless-opec-and-russia-start-pumping-more-oil,,$3 Gasoline could be around the corner unless OPEC and Russia start pumping more oil,20210228T190000Z,https://CNNWIRE.images.worldnow.com/images/20433265_G.jpg?lastEditedDate=1614507314000,erienewsnow.com,English,United States
148,https://nonpareilonline.com/news/national/gas-prices-could-top-3-nationally-unless-opec-and-russia-start-pumping-more-oil/article_77a437fa-dd3c-5363-ae42-e6fd5b215aaf.html,https://nonpareilonline.com/news/national/gas-prices-could-top-3-nationally-unless-opec-and-russia-start-pumping-more-oil/article_77a437fa-dd3c-5363-ae42-e6fd5b215aaf.amp.html,Gas prices could top $3 nationally unless OPEC and Russia start pumping more oil,20210301T004500Z,https://bloximages.chicago2.vip.townnews.com/nonpareilonline.com/content/tncms/assets/v3/editorial/7/7a/77a437fa-dd3c-5363-ae42-e6fd5b215aaf/603bb3a56d9bb.preview.jpg?crop=1918%2C1079%2C0%2C0,nonpareilonline.com,English,United States
149,https://www.gwinnettdailypost.com/news/business/3-gasoline-could-be-around-the-corner-unless-opec-and-russia-start-pumping-more-oil/article_288bc72d-2269-5626-9f04-a0f1ac7110f2.html,,$3 gasoline could be around the corner unless OPEC and Russia start pumping more oil,20210228T171500Z,https://bloximages.newyork1.vip.townnews.com/gwinnettdailypost.com/content/tncms/assets/v3/editorial/9/81/98118403-6986-5e16-9d61-2e4ce45b4dac/603bc10f69e84.image.jpg,gwinnettdailypost.com,English,United States
150,https://www.sentinelsource.com/news/national_world/wapo/eight-killed-including-six-asian-women-in-atlanta-area-massage-parlor-shootings/article_5ac80536-df12-5144-b751-7bbcf50d076b.html,,"Eight killed , including six Asian women , in Atlanta - area massage parlor shootings",20210317T214500Z,https://bloximages.chicago2.vip.townnews.com/sentinelsource.com/content/tncms/assets/v3/editorial/c/ec/cec0ae8e-4fc0-5823-9abe-a63bf31a4649/6051f37cc603f.preview.jpg,sentinelsource.com,English,United States
151,https://www.wktv.com/content/news/573888602.html,http://www.wktv.com/templates/AMP?contentID=573888602,$3 gasoline could be around the corner unless OPEC and Russia start pumping more oil,20210228T191500Z,https://s3.amazonaws.com/cnn-newsource-image-renditions-prod/BIZ_GAS_PRICE_OPEC_RUSSIA_STOCKS_WEEK_AHEAD/hypatia-h_9820271d83a517f5281f1e5b29435f72-h_b8acd0c9b43b222ba5dfd112de136681_preview.JPG,wktv.com,English,United States
152,https://theeagle.com/news/national/gas-prices-could-top-3-nationally-unless-opec-and-russia-start-pumping-more-oil/article_cb7efe67-8853-530b-9d08-f2af21790298.html,https://theeagle.com/news/national/gas-prices-could-top-3-nationally-unless-opec-and-russia-start-pumping-more-oil/article_cb7efe67-8853-530b-9d08-f2af21790298.amp.html,Gas prices could top $3 nationally unless OPEC and Russia start pumping more oil,20210228T223000Z,https://bloximages.chicago2.vip.townnews.com/theeagle.com/content/tncms/assets/v3/editorial/c/b7/cb7efe67-8853-530b-9d08-f2af21790298/603bb38407b21.preview.jpg?crop=1918%2C1079%2C0%2C0,theeagle.com,English,United States
153,https://www.kitv.com/story/43421122/3-gasoline-could-be-around-the-corner-unless-opec-and-russia-start-pumping-more-oil,,$3 Gasoline could be around the corner unless OPEC and Russia start pumping more oil,20210228T164500Z,https://CNNWIRE.images.worldnow.com/images/20433265_G.jpg?lastEditedDate=1614507314000,kitv.com,English,United States
154,https://www.tnonline.com/20210313/fern-ridge-state-police-report-on-incidents-3/,,Fern Ridge state police report on incidents – Times News Online,20210313T154500Z,,tnonline.com,English,United States
155,https://fredericksburg.com/news/national/gas-prices-could-top-3-nationally-unless-opec-and-russia-start-pumping-more-oil/article_af1ef42c-21b6-5070-ad7b-6729b7b757d0.html,https://fredericksburg.com/news/national/gas-prices-could-top-3-nationally-unless-opec-and-russia-start-pumping-more-oil/article_af1ef42c-21b6-5070-ad7b-6729b7b757d0.amp.html,Gas prices could top $3 nationally unless OPEC and Russia start pumping more oil,20210228T221500Z,https://bloximages.chicago2.vip.townnews.com/fredericksburg.com/content/tncms/assets/v3/editorial/a/f1/af1ef42c-21b6-5070-ad7b-6729b7b757d0/603bb3d93716b.preview.jpg?crop=1918%2C1079%2C0%2C0,fredericksburg.com,English,United States
156,https://www.nbcdfw.com/news/business/money-report/rising-interest-rates-may-continue-to-test-the-stock-market-in-the-week-ahead/2565053/,https://www.nbcdfw.com/news/business/money-report/rising-interest-rates-may-continue-to-test-the-stock-market-in-the-week-ahead/2565053/?amp,Rising Interest Rates May Continue to Test the Stock Market in the Week Ahead,20210226T211500Z,https://i0.wp.com/media.nbcdfw.com/2021/02/106835608-1612464676261PRESS-NYSE-Photo-20210204-5.jpg?quality=85,nbcdfw.com,English,United States
157,https://www.msn.com/en-us/money/markets/stocks-week-ahead-243-gasoline-could-be-around-the-corner-unless-opec-and-russia-start-pumping-more-oil/ar-BB1e5Bbp,,Stocks week ahead : $3 gasoline could be around the corner -- unless OPEC and Russia start pumping more oil,20210228T144500Z,,msn.com,English,United States
158,https://www.msn.com/en-us/money/markets/stocks-week-ahead-dollar3-gasoline-could-be-around-the-corner-unless-opec-and-russia-start-pumping-more-oil/ar-BB1e5Bbp,,Stocks week ahead : $3 gasoline could be around the corner -- unless OPEC and Russia start pumping more oil,20210228T143000Z,,msn.com,English,United States
159,https://www.msn.com/en-us/money/markets/stocks-week-ahead-3-gasoline-could-be-around-the-corner-unless-opec-and-russia-start-pumping-more-oil/ar-BB1e5Bbp,,Stocks week ahead : $3 gasoline could be around the corner -- unless OPEC and Russia start pumping more oil,20210228T150000Z,,msn.com,English,United States
160,https://www.nbcconnecticut.com/news/business/money-report/rising-interest-rates-may-continue-to-test-the-stock-market-in-the-week-ahead/2432319/,https://www.nbcconnecticut.com/news/business/money-report/rising-interest-rates-may-continue-to-test-the-stock-market-in-the-week-ahead/2432319/?amp,Rising Interest Rates May Continue to Test the Stock Market in the Week Ahead,20210226T230000Z,https://i1.wp.com/media.nbcconnecticut.com/2021/02/106835608-1612464676261PRESS-NYSE-Photo-20210204-5.jpg?quality=85,nbcconnecticut.com,English,United States
161,https://ktvz.com/money/2021/02/28/3-gasoline-could-be-around-the-corner-unless-opec-and-russia-start-pumping-more-oil/,https://ktvz.com/amp/3-gasoline-could-be-around-the-corner-unless-opec-and-russia-start-pumping-more-oil,$3 gasoline could be around the corner unless OPEC and Russia start pumping more oil,20210228T143000Z,https://ktvz.b-cdn.net/2021/01/ktvz-biz-tech-860x484.png,ktvz.com,English,United States
162,https://www.winchesterstar.com/winchester_star/cataclysmic-crime-spree-thieves-target-catalytic-converters/article_e3d5d2c4-3935-5ffd-8c21-2385182c6205.html,,Cataclysmic crime spree : thieves target catalytic converters,20210306T160000Z,https://bloximages.newyork1.vip.townnews.com/winchesterstar.com/content/tncms/assets/v3/editorial/a/b2/ab21f6b9-3ba7-5def-a3ff-9b9e9d94a392/6042b07234751.image.jpg,winchesterstar.com,English,United States
163,https://www.ringtv.com/619149-juan-francisco-estrada-edges-roman-gonzalez-in-instant-classic/,,Juan Francisco Estrada edges Roman Gonzalez in instant classic,20210314T094500Z,https://www.ringtv.com/wp-content/uploads/2021/03/031321EM_EstradaGonzalez2_9057.jpg,ringtv.com,English,United States
164,https://www.kxly.com/i/gas-prices-could-top-3-nationally-unless-opec-and-russia-start-pumping-more-oil/,,Gas prices could top $3 nationally unless OPEC and Russia start pumping more oil,20210301T043000Z,https://wpcdn.us-east-1.vip.tn-cloud.net/www.kxly.com/content/uploads/2021/02/603baa5db3ac6.image_.jpg,kxly.com,English,United States
165,https://www.mininggazette.com/news/2021/03/cte-students-compete-at-skillsusa/,,"CTE students compete at SkillsUSA | News , Sports , Jobs",20210301T104500Z,https://ogden_images.s3.amazonaws.com/www.mininggazette.com/images/2021/02/28164409/3-1-CTE-people.jpg,mininggazette.com,English,United States
166,https://www.nbcphiladelphia.com/news/business/money-report/what-to-watch-today-stocks-set-to-dip-after-sp-500s-best-day-since-june/2724691/,https://www.nbcphiladelphia.com/news/business/money-report/what-to-watch-today-stocks-set-to-dip-after-sp-500s-best-day-since-june/2724691/?amp,What to Watch Today : Stocks Set to Dip After S & P 500 Best Day Since June,20210302T134500Z,https://i0.wp.com/media.nbcphiladelphia.com/2021/03/106845850-16142791783271-NYSE-Bell-Podium-OB-Photo-210225-PRESS-35.jpg?quality=85,nbcphiladelphia.com,English,United States
167,https://www.fool.com/earnings/call-transcripts/2021/02/24/getty-realty-corp-holding-company-gty-q4-2020-earn/?source=iedfolrf0000001,https://www.fool.com/amp/earnings/call-transcripts/2021/02/24/getty-realty-corp-holding-company-gty-q4-2020-earn/,Getty Realty Corp ( Holding Company ) ( GTY ) Q4 2020 Earnings Call Transcript,20210224T193000Z,,fool.com,English,United States
168,https://www.msnbc.com/opinion/derek-chauvin-s-trial-chance-justice-system-prove-it-can-n1261753,https://www.msnbc.com/msnbc/amp/ncna1261753,Derek Chauvin trial is a chance for the justice system to prove it can actually work,20210322T221500Z,https://media2.s-nbcnews.com/j/newscms/2021_11/3458287/210319-derek-chauvin-trial-main-2x1-an_2d53d958e18db3a5c710e86872d7cd60.nbcnews-fp-1200-630.jpg,msnbc.com,English,United States
169,https://www.rushlimbaugh.com/daily/2021/03/22/our-founding-principles-are-under-assault-by-the-left/,https://www.rushlimbaugh.com/daily/2021/03/22/our-founding-principles-are-under-assault-by-the-left/amp/,Our Founding Principles Are Under Assault by the Left,20210322T231500Z,https://www.rushlimbaugh.com/wp-content/uploads/2020/07/APP-071620-assault.jpg,rushlimbaugh.com,English,United States
171,https://www.erienewsnow.com/story/43431876/can-stocks-shrug-off-bubble-talk-wall-street-thinks-so,,Can stocks shrug off bubble talk ? Wall Street thinks so,20210302T173000Z,https://CNNWIRE.images.worldnow.com/images/20440951_G.jpg?lastEditedDate=1614674766000,erienewsnow.com,English,United States
172,https://www.gwinnettdailypost.com/news/business/can-stocks-shrug-off-bubble-talk-wall-street-thinks-so/article_1934e5df-22fb-5b84-b442-5cacd2f1aaa2.html,,Can stocks shrug off bubble talk ? Wall Street thinks so,20210302T164500Z,https://bloximages.newyork1.vip.townnews.com/gwinnettdailypost.com/content/tncms/assets/v3/editorial/2/41/241c8341-b8ac-50dc-8063-f48adc2f88d4/603e44c1806b0.image.jpg,gwinnettdailypost.com,English,United States
173,https://www.benzinga.com/news/earnings/21/03/19931998/earnings-scheduled-for-march-2-2021,https://amp.benzinga.com/amp/content/19931998,"Earnings Scheduled For March 2 , 2021",20210302T094500Z,,benzinga.com,English,United States
174,https://www.nvdaily.com/nvdaily/cataclysmic-crime-spree-thieves-target-catalytic-converters/article_f0a095c4-42d0-5674-9755-c3a409931b20.html,,Cataclysmic crime spree : thieves target catalytic converters,20210308T060000Z,https://bloximages.newyork1.vip.townnews.com/nvdaily.com/content/tncms/assets/v3/editorial/f/05/f05daca1-5917-56ed-b058-b777e642ffd9/6044ed7f078c3.image.jpg,nvdaily.com,English,United States
176,https://www.kitv.com/story/43431876/can-stocks-shrug-off-bubble-talk-wall-street-thinks-so,,Can stocks shrug off bubble talk ? Wall Street thinks so,20210302T164500Z,https://CNNWIRE.images.worldnow.com/images/20440951_G.jpg?lastEditedDate=1614674766000,kitv.com,English,United States
177,https://ktvz.com/money/2021/03/02/can-stocks-shrug-off-bubble-talk-wall-street-thinks-so/,https://ktvz.com/amp/can-stocks-shrug-off-bubble-talk-wall-street-thinks-so,Can stocks shrug off bubble talk ? Wall Street thinks so,20210302T140000Z,https://ktvz.b-cdn.net/2021/03/hypatia-h_09eb8234f32cbb0c07c7d3a2322be918-h_69fa92f71b7069f217542b3d0b6c3c11_preview.jpg,ktvz.com,English,United States
178,https://elkodaily.com/news/national/gas-prices-could-top-3-nationally-unless-opec-and-russia-start-pumping-more-oil/article_9b822e7d-30c0-5604-aaac-44d345617d4f.html,https://elkodaily.com/news/national/gas-prices-could-top-3-nationally-unless-opec-and-russia-start-pumping-more-oil/article_9b822e7d-30c0-5604-aaac-44d345617d4f.amp.html,Gas prices could top $3 nationally unless OPEC and Russia start pumping more oil,20210228T221500Z,https://bloximages.chicago2.vip.townnews.com/elkodaily.com/content/tncms/assets/v3/editorial/9/b8/9b822e7d-30c0-5604-aaac-44d345617d4f/603bb3fc829ee.preview.jpg?crop=1918%2C1079%2C0%2C0,elkodaily.com,English,United States
179,https://qconline.com/news/national/gas-prices-could-top-3-nationally-unless-opec-and-russia-start-pumping-more-oil/article_4f8359ac-eca3-5431-8785-018de5e3db92.html,https://qconline.com/news/national/gas-prices-could-top-3-nationally-unless-opec-and-russia-start-pumping-more-oil/article_4f8359ac-eca3-5431-8785-018de5e3db92.amp.html,Gas prices could top $3 nationally unless OPEC and Russia start pumping more oil,20210228T224500Z,https://bloximages.newyork1.vip.townnews.com/qconline.com/content/tncms/assets/v3/editorial/4/f8/4f8359ac-eca3-5431-8785-018de5e3db92/603bb3bfe2379.preview.jpg?crop=1918%2C1079%2C0%2C0,qconline.com,English,United States
180,https://dailyjournalonline.com/news/national/gas-prices-could-top-3-nationally-unless-opec-and-russia-start-pumping-more-oil/article_15a58e29-8ba1-5610-92c5-73dbe537d34b.html,https://dailyjournalonline.com/news/national/gas-prices-could-top-3-nationally-unless-opec-and-russia-start-pumping-more-oil/article_15a58e29-8ba1-5610-92c5-73dbe537d34b.amp.html,Gas prices could top $3 nationally unless OPEC and Russia start pumping more oil,20210301T003000Z,https://bloximages.chicago2.vip.townnews.com/dailyjournalonline.com/content/tncms/assets/v3/editorial/1/5a/15a58e29-8ba1-5610-92c5-73dbe537d34b/603bb3ccaa77a.preview.jpg?crop=1918%2C1079%2C0%2C0,dailyjournalonline.com,English,United States
181,https://fremonttribune.com/news/national/gas-prices-could-top-3-nationally-unless-opec-and-russia-start-pumping-more-oil/article_5a214df7-cd2f-57bb-bde0-6e44cb411643.html,https://fremonttribune.com/news/national/gas-prices-could-top-3-nationally-unless-opec-and-russia-start-pumping-more-oil/article_5a214df7-cd2f-57bb-bde0-6e44cb411643.amp.html,Gas prices could top $3 nationally unless OPEC and Russia start pumping more oil,20210301T001500Z,https://bloximages.chicago2.vip.townnews.com/fremonttribune.com/content/tncms/assets/v3/editorial/5/a2/5a214df7-cd2f-57bb-bde0-6e44cb411643/603bb3a44f387.preview.jpg?crop=1918%2C1079%2C0%2C0,fremonttribune.com,English,United States
182,https://www.gazettetimes.com/news/national/gas-prices-could-top-3-nationally-unless-opec-and-russia-start-pumping-more-oil/article_f8495cc6-784f-5047-a4f8-ffe6357484c0.html,https://www.gazettetimes.com/news/national/gas-prices-could-top-3-nationally-unless-opec-and-russia-start-pumping-more-oil/article_f8495cc6-784f-5047-a4f8-ffe6357484c0.amp.html,Gas prices could top $3 nationally unless OPEC and Russia start pumping more oil,20210228T234500Z,https://bloximages.chicago2.vip.townnews.com/gazettetimes.com/content/tncms/assets/v3/editorial/f/84/f8495cc6-784f-5047-a4f8-ffe6357484c0/603bb3b210424.preview.jpg?crop=1918%2C1079%2C0%2C0,gazettetimes.com,English,United States
183,https://tdn.com/news/national/gas-prices-could-top-3-nationally-unless-opec-and-russia-start-pumping-more-oil/article_05eae0de-6b59-5193-8049-d429a6150e6a.html,https://tdn.com/news/national/gas-prices-could-top-3-nationally-unless-opec-and-russia-start-pumping-more-oil/article_05eae0de-6b59-5193-8049-d429a6150e6a.amp.html,Gas prices could top $3 nationally unless OPEC and Russia start pumping more oil,20210228T234500Z,https://bloximages.chicago2.vip.townnews.com/tdn.com/content/tncms/assets/v3/editorial/0/5e/05eae0de-6b59-5193-8049-d429a6150e6a/603bb3c48a2d7.preview.jpg?crop=1918%2C1079%2C0%2C0,tdn.com,English,United States
184,https://lexch.com/news/national/gas-prices-could-top-3-nationally-unless-opec-and-russia-start-pumping-more-oil/article_323420a2-c196-527b-be28-7e124ab6dbbc.html,,Gas prices could top $3 nationally unless OPEC and Russia start pumping more oil,20210228T234500Z,https://bloximages.chicago2.vip.townnews.com/lexch.com/content/tncms/assets/v3/editorial/3/23/323420a2-c196-527b-be28-7e124ab6dbbc/603bb09fd7276.preview.jpg?crop=1918%2C1079%2C0%2C0,lexch.com,English,United States
185,https://ravallirepublic.com/news/national/article_a86e9c6c-665b-501e-af7d-8258f7c979a3.html,https://ravallirepublic.com/news/national/article_a86e9c6c-665b-501e-af7d-8258f7c979a3.amp.html,Gas prices could top $3 nationally unless OPEC and Russia start pumping more oil,20210228T234500Z,https://bloximages.chicago2.vip.townnews.com/ravallirepublic.com/content/tncms/assets/v3/editorial/a/86/a86e9c6c-665b-501e-af7d-8258f7c979a3/603bb3d43074d.preview.jpg?crop=1918%2C1079%2C0%2C0,ravallirepublic.com,English,United States
186,https://rapidcityjournal.com/news/national/gas-prices-could-top-3-nationally-unless-opec-and-russia-start-pumping-more-oil/article_1fbde5ab-61e4-5f1b-be6d-7c0e4febb4c1.html,https://rapidcityjournal.com/news/national/gas-prices-could-top-3-nationally-unless-opec-and-russia-start-pumping-more-oil/article_1fbde5ab-61e4-5f1b-be6d-7c0e4febb4c1.amp.html,Gas prices could top $3 nationally unless OPEC and Russia start pumping more oil,20210301T000000Z,https://bloximages.chicago2.vip.townnews.com/rapidcityjournal.com/content/tncms/assets/v3/editorial/1/fb/1fbde5ab-61e4-5f1b-be6d-7c0e4febb4c1/603bb37c32c0a.preview.jpg?crop=1918%2C1079%2C0%2C0,rapidcityjournal.com,English,United States
187,https://thetandd.com/news/national/gas-prices-could-top-3-nationally-unless-opec-and-russia-start-pumping-more-oil/article_efb104e8-0211-5e3c-a7e6-7426cc8d9898.html,https://thetandd.com/news/national/gas-prices-could-top-3-nationally-unless-opec-and-russia-start-pumping-more-oil/article_efb104e8-0211-5e3c-a7e6-7426cc8d9898.amp.html,Gas prices could top $3 nationally unless OPEC and Russia start pumping more oil,20210301T000000Z,https://bloximages.chicago2.vip.townnews.com/thetandd.com/content/tncms/assets/v3/editorial/e/fb/efb104e8-0211-5e3c-a7e6-7426cc8d9898/603bb3b3692c7.preview.jpg?crop=1918%2C1079%2C0%2C0,thetandd.com,English,United States
188,https://starherald.com/news/national/gas-prices-could-top-3-nationally-unless-opec-and-russia-start-pumping-more-oil/article_d7590d92-d516-524c-a5f2-8967858317fa.html,https://starherald.com/news/national/gas-prices-could-top-3-nationally-unless-opec-and-russia-start-pumping-more-oil/article_d7590d92-d516-524c-a5f2-8967858317fa.amp.html,Gas prices could top $3 nationally unless OPEC and Russia start pumping more oil,20210228T231500Z,https://bloximages.chicago2.vip.townnews.com/starherald.com/content/tncms/assets/v3/editorial/d/75/d7590d92-d516-524c-a5f2-8967858317fa/603bb3dd06a4a.preview.jpg?crop=1918%2C1079%2C0%2C0,starherald.com,English,United States
189,https://www.wiscnews.com/news/national/gas-prices-could-top-3-nationally-unless-opec-and-russia-start-pumping-more-oil/article_4df16a51-88d6-56f6-ac26-c668a38abb50.html,,Gas prices could top $3 nationally unless OPEC and Russia start pumping more oil,20210228T231500Z,https://bloximages.chicago2.vip.townnews.com/wiscnews.com/content/tncms/assets/v3/editorial/4/df/4df16a51-88d6-56f6-ac26-c668a38abb50/603bb3cc96e52.preview.jpg?crop=1918%2C1079%2C0%2C0,wiscnews.com,English,United States
190,https://muscatinejournal.com/news/national/gas-prices-could-top-3-nationally-unless-opec-and-russia-start-pumping-more-oil/article_9d46e11a-b8c2-583f-89db-544c2cf087d0.html,https://muscatinejournal.com/news/national/gas-prices-could-top-3-nationally-unless-opec-and-russia-start-pumping-more-oil/article_9d46e11a-b8c2-583f-89db-544c2cf087d0.amp.html,Gas prices could top $3 nationally unless OPEC and Russia start pumping more oil,20210228T231500Z,https://bloximages.chicago2.vip.townnews.com/muscatinejournal.com/content/tncms/assets/v3/editorial/9/d4/9d46e11a-b8c2-583f-89db-544c2cf087d0/603bb39d31810.preview.jpg?crop=1918%2C1079%2C0%2C0,muscatinejournal.com,English,United States
191,https://www.winonadailynews.com/news/national/gas-prices-could-top-3-nationally-unless-opec-and-russia-start-pumping-more-oil/article_0ce126dd-39c4-50dc-a68a-07262ca0f38c.html,https://www.winonadailynews.com/news/national/gas-prices-could-top-3-nationally-unless-opec-and-russia-start-pumping-more-oil/article_0ce126dd-39c4-50dc-a68a-07262ca0f38c.amp.html,Gas prices could top $3 nationally unless OPEC and Russia start pumping more oil,20210228T233000Z,https://bloximages.chicago2.vip.townnews.com/winonadailynews.com/content/tncms/assets/v3/editorial/0/ce/0ce126dd-39c4-50dc-a68a-07262ca0f38c/603bb3c271846.preview.jpg?crop=1918%2C1079%2C0%2C0,winonadailynews.com,English,United States
192,https://wahoo-ashland-waverly.com/news/national/gas-prices-could-top-3-nationally-unless-opec-and-russia-start-pumping-more-oil/article_6d73aa8a-1e29-59db-b2e9-4d1e093ab5c8.html,https://wahoo-ashland-waverly.com/news/national/gas-prices-could-top-3-nationally-unless-opec-and-russia-start-pumping-more-oil/article_6d73aa8a-1e29-59db-b2e9-4d1e093ab5c8.amp.html,Gas prices could top $3 nationally unless OPEC and Russia start pumping more oil,20210228T220000Z,https://bloximages.chicago2.vip.townnews.com/wahoo-ashland-waverly.com/content/tncms/assets/v3/editorial/6/d7/6d73aa8a-1e29-59db-b2e9-4d1e093ab5c8/603bb0aea0d9b.preview.jpg?crop=1918%2C1079%2C0%2C0,wahoo-ashland-waverly.com,English,United States
193,https://www.lakegenevanews.net/news/national/gas-prices-could-top-3-nationally-unless-opec-and-russia-start-pumping-more-oil/article_a27d3912-0ddd-5949-8fec-992a3ca5e907.html,https://www.lakegenevanews.net/news/national/gas-prices-could-top-3-nationally-unless-opec-and-russia-start-pumping-more-oil/article_a27d3912-0ddd-5949-8fec-992a3ca5e907.amp.html,Gas prices could top $3 nationally unless OPEC and Russia start pumping more oil,20210228T214500Z,https://bloximages.chicago2.vip.townnews.com/lakegenevanews.net/content/tncms/assets/v3/editorial/a/27/a27d3912-0ddd-5949-8fec-992a3ca5e907/603bb3d47ab31.preview.jpg?crop=1918%2C1079%2C0%2C0,lakegenevanews.net,English,United States
194,https://jg-tc.com/news/national/gas-prices-could-top-3-nationally-unless-opec-and-russia-start-pumping-more-oil/article_40e9a6dd-11e1-53a1-890a-292e58c7e175.html,https://jg-tc.com/news/national/gas-prices-could-top-3-nationally-unless-opec-and-russia-start-pumping-more-oil/article_40e9a6dd-11e1-53a1-890a-292e58c7e175.amp.html,Gas prices could top $3 nationally unless OPEC and Russia start pumping more oil,20210228T214500Z,https://bloximages.chicago2.vip.townnews.com/jg-tc.com/content/tncms/assets/v3/editorial/4/0e/40e9a6dd-11e1-53a1-890a-292e58c7e175/603bb3cb6c05c.preview.jpg?crop=1918%2C1079%2C0%2C0,jg-tc.com,English,United States
195,https://democratherald.com/news/national/gas-prices-could-top-3-nationally-unless-opec-and-russia-start-pumping-more-oil/article_21f77008-cfd8-5751-81de-9747d14f814e.html,https://democratherald.com/news/national/gas-prices-could-top-3-nationally-unless-opec-and-russia-start-pumping-more-oil/article_21f77008-cfd8-5751-81de-9747d14f814e.amp.html,Gas prices could top $3 nationally unless OPEC and Russia start pumping more oil,20210228T214500Z,https://bloximages.chicago2.vip.townnews.com/democratherald.com/content/tncms/assets/v3/editorial/2/1f/21f77008-cfd8-5751-81de-9747d14f814e/603bb3e1e5a73.preview.jpg?crop=1918%2C1079%2C0%2C0,democratherald.com,English,United States
196,https://independenttribune.com/news/national/gas-prices-could-top-3-nationally-unless-opec-and-russia-start-pumping-more-oil/article_c7bf5934-ef79-5bfb-b4ea-697f9c70d816.html,,Gas prices could top $3 nationally unless OPEC and Russia start pumping more oil,20210228T211500Z,https://bloximages.newyork1.vip.townnews.com/independenttribune.com/content/tncms/assets/v3/editorial/c/7b/c7bf5934-ef79-5bfb-b4ea-697f9c70d816/603bb3e492f6d.preview.jpg?crop=1918%2C1079%2C0%2C0,independenttribune.com,English,United States
197,https://wcfcourier.com/news/national/gas-prices-could-top-3-nationally-unless-opec-and-russia-start-pumping-more-oil/article_93049e5d-6cfd-5dd1-9f93-6f7588784ba8.html,https://wcfcourier.com/news/national/gas-prices-could-top-3-nationally-unless-opec-and-russia-start-pumping-more-oil/article_93049e5d-6cfd-5dd1-9f93-6f7588784ba8.amp.html,Gas prices could top $3 nationally unless OPEC and Russia start pumping more oil,20210228T211500Z,https://bloximages.chicago2.vip.townnews.com/wcfcourier.com/content/tncms/assets/v3/editorial/9/30/93049e5d-6cfd-5dd1-9f93-6f7588784ba8/603bb3e76d025.preview.jpg?crop=1918%2C1079%2C0%2C0,wcfcourier.com,English,United States
198,https://mcdowellnews.com/news/national/gas-prices-could-top-3-nationally-unless-opec-and-russia-start-pumping-more-oil/article_4b2898a2-3def-5c7b-bc01-3f9e5f2f2628.html,https://mcdowellnews.com/news/national/gas-prices-could-top-3-nationally-unless-opec-and-russia-start-pumping-more-oil/article_4b2898a2-3def-5c7b-bc01-3f9e5f2f2628.amp.html,Gas prices could top $3 nationally unless OPEC and Russia start pumping more oil,20210228T223000Z,https://bloximages.newyork1.vip.townnews.com/mcdowellnews.com/content/tncms/assets/v3/editorial/4/b2/4b2898a2-3def-5c7b-bc01-3f9e5f2f2628/603bb3a50137a.preview.jpg?crop=1918%2C1079%2C0%2C0,mcdowellnews.com,English,United States
199,https://cumberlink.com/news/national/gas-prices-could-top-3-nationally-unless-opec-and-russia-start-pumping-more-oil/article_afcf9cd9-4c0c-53bf-83ff-e7cc2424d4cc.html,https://cumberlink.com/news/national/gas-prices-could-top-3-nationally-unless-opec-and-russia-start-pumping-more-oil/article_afcf9cd9-4c0c-53bf-83ff-e7cc2424d4cc.amp.html,Gas prices could top $3 nationally unless OPEC and Russia start pumping more oil,20210228T223000Z,https://bloximages.chicago2.vip.townnews.com/cumberlink.com/content/tncms/assets/v3/editorial/a/fc/afcf9cd9-4c0c-53bf-83ff-e7cc2424d4cc/603bb3bd7e9e1.preview.jpg?crop=1918%2C1079%2C0%2C0,cumberlink.com,English,United States
200,https://chippewa.com/news/national/gas-prices-could-top-3-nationally-unless-opec-and-russia-start-pumping-more-oil/article_1206f4c3-2885-54a2-916a-f40218f2c945.html,https://chippewa.com/news/national/gas-prices-could-top-3-nationally-unless-opec-and-russia-start-pumping-more-oil/article_1206f4c3-2885-54a2-916a-f40218f2c945.amp.html,Gas prices could top $3 nationally unless OPEC and Russia start pumping more oil,20210228T223000Z,https://bloximages.chicago2.vip.townnews.com/chippewa.com/content/tncms/assets/v3/editorial/1/20/1206f4c3-2885-54a2-916a-f40218f2c945/603bb3c47da36.preview.jpg?crop=1918%2C1079%2C0%2C0,chippewa.com,English,United States
201,https://thesouthern.com/news/national/gas-prices-could-top-3-nationally-unless-opec-and-russia-start-pumping-more-oil/article_ca4763f5-fc03-5c0d-9e14-1924397d748f.html,https://thesouthern.com/news/national/gas-prices-could-top-3-nationally-unless-opec-and-russia-start-pumping-more-oil/article_ca4763f5-fc03-5c0d-9e14-1924397d748f.amp.html,Gas prices could top $3 nationally unless OPEC and Russia start pumping more oil,20210228T203000Z,https://bloximages.chicago2.vip.townnews.com/thesouthern.com/content/tncms/assets/v3/editorial/c/a4/ca4763f5-fc03-5c0d-9e14-1924397d748f/603bb38a70970.preview.jpg?crop=1918%2C1079%2C0%2C0,thesouthern.com,English,United States
202,https://beatricedailysun.com/news/national/gas-prices-could-top-3-nationally-unless-opec-and-russia-start-pumping-more-oil/article_faad4047-3083-57a3-9885-b32950b34e30.html,https://beatricedailysun.com/news/national/gas-prices-could-top-3-nationally-unless-opec-and-russia-start-pumping-more-oil/article_faad4047-3083-57a3-9885-b32950b34e30.amp.html,Gas prices could top $3 nationally unless OPEC and Russia start pumping more oil,20210228T204500Z,https://bloximages.chicago2.vip.townnews.com/beatricedailysun.com/content/tncms/assets/v3/editorial/f/aa/faad4047-3083-57a3-9885-b32950b34e30/603bb400996b8.preview.jpg?crop=1918%2C1079%2C0%2C0,beatricedailysun.com,English,United States
203,https://dothaneagle.com/news/national/gas-prices-could-top-3-nationally-unless-opec-and-russia-start-pumping-more-oil/article_9f892f14-4d6e-5cd8-8c0c-eaf59d5f4d96.html,https://dothaneagle.com/news/national/gas-prices-could-top-3-nationally-unless-opec-and-russia-start-pumping-more-oil/article_9f892f14-4d6e-5cd8-8c0c-eaf59d5f4d96.amp.html,Gas prices could top $3 nationally unless OPEC and Russia start pumping more oil,20210228T213000Z,https://bloximages.newyork1.vip.townnews.com/dothaneagle.com/content/tncms/assets/v3/editorial/9/f8/9f892f14-4d6e-5cd8-8c0c-eaf59d5f4d96/603bb4241d645.preview.jpg?crop=1918%2C1079%2C0%2C0,dothaneagle.com,English,United States
204,https://morganton.com/news/national/gas-prices-could-top-3-nationally-unless-opec-and-russia-start-pumping-more-oil/article_3ce345d4-c083-5f8d-ba19-fd142c7ede27.html,https://morganton.com/news/national/gas-prices-could-top-3-nationally-unless-opec-and-russia-start-pumping-more-oil/article_3ce345d4-c083-5f8d-ba19-fd142c7ede27.amp.html,Gas prices could top $3 nationally unless OPEC and Russia start pumping more oil,20210301T180000Z,https://bloximages.newyork1.vip.townnews.com/morganton.com/content/tncms/assets/v3/editorial/3/ce/3ce345d4-c083-5f8d-ba19-fd142c7ede27/603bb3c8db6aa.preview.jpg?crop=1918%2C1079%2C0%2C0,morganton.com,English,United States
205,https://www.milb.com/news/get-to-know-the-minor-league-teams-in-the-triple-a-east,,Get to know the Minor League teams in the Triple - A East,20210302T211500Z,https://img.mlbstatic.com/milb-images/image/private/t_2x1/t_w1536/milb/ubp9i6hb6mxkqsxwhxkk.jpg,milb.com,English,United States
206,https://www.ipwatchdog.com/2021/03/19/barks-bites-friday-march-19-sen-tillis-urges-no-section-512-safe-harbors-future-ftas-federal-circuit-finds-authority-issue-mandamus-ptab-institution-denials-house-antitr/id=131158/,,"Other Barks & Bites for Friday , March 19 : Sen . Tillis Urges No Section 512 Safe Harbors in Future FTAs , Federal Circuit Finds Authority to Issue Mandamus for PTAB Institution Denials , and House Antitrust Subcommittee Addresses SEPs",20210319T191500Z,https://www.ipwatchdog.com/wp-content/uploads/2019/01/Optimized-Beware.jpg,ipwatchdog.com,English,United States
207,https://www.bizjournals.com/memphis/news/2021/03/19/2021-mbj-power-100-declassified-76-100.html,,2021 MBJ Power 100 declassified : 76 - 100 ( from Shorb to Zeanah ) - Memphis Business Journal,20210319T224500Z,https://media.bizj.us/view/img/11972082/power-100-2021-cover*1200xx1920-1080-0-0.png,bizjournals.com,English,United States
208,https://laist.com/2021/03/11/best_online_irl_events_this_weekend_march_12_-14_2021_southern_california.php,,Spectacular Online And IRL Events This Weekend : March 12 - 14,20210311T174500Z,https://laistassets.scprdev.org/i/895167690f273252c519cc662d97c4ec/6047eb2361a57b000a816eb2-eight.jpg,laist.com,English,United States
209,https://keyt.com/news/money-and-business/2021/02/28/3-gasoline-could-be-around-the-corner-unless-opec-and-russia-start-pumping-more-oil/,https://keyt.com/amp/3-gasoline-could-be-around-the-corner-unless-opec-and-russia-start-pumping-more-oil,$3 gasoline could be around the corner unless OPEC and Russia start pumping more oil,20210228T144500Z,https://keyt.b-cdn.net/2020/12/keyt-business-technology-generic-860x484.jpg,keyt.com,English,United States
210,https://abc17news.com/money/2021/02/28/3-gasoline-could-be-around-the-corner-unless-opec-and-russia-start-pumping-more-oil/,https://abc17news.com/amp/3-gasoline-could-be-around-the-corner-unless-opec-and-russia-start-pumping-more-oil,$3 gasoline could be around the corner unless OPEC and Russia start pumping more oil,20210228T150000Z,https://abc17news.b-cdn.net/abc17news.com/2019/10/Money-web-1024x576-860x484.jpg,abc17news.com,English,United States
211,https://www.albanyherald.com/news/business/3-gasoline-could-be-around-the-corner-unless-opec-and-russia-start-pumping-more-oil/article_651fd11d-3470-5806-bba7-908bd266d66e.html,,$3 gasoline could be around the corner unless OPEC and Russia start pumping more oil,20210228T184500Z,https://bloximages.newyork1.vip.townnews.com/albanyherald.com/content/tncms/assets/v3/editorial/3/96/3962e954-be80-5756-b579-5be9e898526f/603bc12060568.image.jpg,albanyherald.com,English,United States
212,https://www.news-daily.com/news/business/3-gasoline-could-be-around-the-corner-unless-opec-and-russia-start-pumping-more-oil/article_b582158f-176a-5980-b2b0-0d0a7086c512.html,,$3 gasoline could be around the corner unless OPEC and Russia start pumping more oil,20210228T174500Z,https://bloximages.newyork1.vip.townnews.com/news-daily.com/content/tncms/assets/v3/editorial/5/a3/5a3faba6-8726-5daa-a815-3533ba893d8f/603bc1206ceab.image.jpg,news-daily.com,English,United States
213,https://www.kmjnow.com/news/3-gasoline-could-be-around-the-corner-unless-opec-and-russia-start-pumping-more-oil/,,$3 gasoline could be around the corner unless OPEC and Russia start pumping more oil,20210228T174500Z,,kmjnow.com,English,United States
214,https://www.jacksonprogress-argus.com/news/business/3-gasoline-could-be-around-the-corner-unless-opec-and-russia-start-pumping-more-oil/article_ce2ab7ec-3ca4-5409-8663-3dccc7893471.html,,$3 gasoline could be around the corner unless OPEC and Russia start pumping more oil,20210228T170000Z,https://bloximages.newyork1.vip.townnews.com/jacksonprogress-argus.com/content/tncms/assets/v3/editorial/4/da/4daad366-1e3a-5222-90e4-f4c312e67187/603bc12068c89.image.jpg,jacksonprogress-argus.com,English,United States
215,https://www.wmac-am.com/news/3-gasoline-could-be-around-the-corner-unless-opec-and-russia-start-pumping-more-oil/,,$3 gasoline could be around the corner unless OPEC and Russia start pumping more oil,20210228T170000Z,,wmac-am.com,English,United States
216,https://www.790business.com/news/3-gasoline-could-be-around-the-corner-unless-opec-and-russia-start-pumping-more-oil/,,$3 gasoline could be around the corner unless OPEC and Russia start pumping more oil,20210228T160000Z,,790business.com,English,United States
217,https://www.wfnc640am.com/news/3-gasoline-could-be-around-the-corner-unless-opec-and-russia-start-pumping-more-oil/,,$3 gasoline could be around the corner unless OPEC and Russia start pumping more oil,20210228T173000Z,,wfnc640am.com,English,United States
218,https://www.kdrv.com/content/news/573889202.html,http://www.kdrv.com/templates/AMP?contentID=573889202,$3 gasoline could be around the corner unless OPEC and Russia start pumping more oil,20210228T224500Z,https://s3.amazonaws.com/cnn-newsource-image-renditions-prod/BIZ_GAS_PRICE_OPEC_RUSSIA_STOCKS_WEEK_AHEAD/hypatia-h_9820271d83a517f5281f1e5b29435f72-h_b8acd0c9b43b222ba5dfd112de136681_preview.JPG,kdrv.com,English,United States
219,https://martinsvillebulletin.com/news/national/gas-prices-could-top-3-nationally-unless-opec-and-russia-start-pumping-more-oil/article_0ed198cc-7997-5a35-9efc-752c6ca748df.html,https://martinsvillebulletin.com/news/national/gas-prices-could-top-3-nationally-unless-opec-and-russia-start-pumping-more-oil/article_0ed198cc-7997-5a35-9efc-752c6ca748df.amp.html,Gas prices could top $3 nationally unless OPEC and Russia start pumping more oil,20210228T234500Z,https://bloximages.newyork1.vip.townnews.com/martinsvillebulletin.com/content/tncms/assets/v3/editorial/0/ed/0ed198cc-7997-5a35-9efc-752c6ca748df/603bb3cf667ed.preview.jpg?crop=1918%2C1079%2C0%2C0,martinsvillebulletin.com,English,United States
220,https://statesville.com/news/national/gas-prices-could-top-3-nationally-unless-opec-and-russia-start-pumping-more-oil/article_8ffab588-2894-562d-8395-f64cbcb46205.html,https://statesville.com/news/national/gas-prices-could-top-3-nationally-unless-opec-and-russia-start-pumping-more-oil/article_8ffab588-2894-562d-8395-f64cbcb46205.amp.html,Gas prices could top $3 nationally unless OPEC and Russia start pumping more oil,20210228T230000Z,https://bloximages.newyork1.vip.townnews.com/statesville.com/content/tncms/assets/v3/editorial/8/ff/8ffab588-2894-562d-8395-f64cbcb46205/603bb3a02cdab.preview.jpg?crop=1918%2C1079%2C0%2C0,statesville.com,English,United States
221,https://oanow.com/news/national/gas-prices-could-top-3-nationally-unless-opec-and-russia-start-pumping-more-oil/article_a8d0d087-4c39-5ac3-851d-88b5e9b8f837.html,https://oanow.com/news/national/gas-prices-could-top-3-nationally-unless-opec-and-russia-start-pumping-more-oil/article_a8d0d087-4c39-5ac3-851d-88b5e9b8f837.amp.html,Gas prices could top $3 nationally unless OPEC and Russia start pumping more oil,20210228T231500Z,https://bloximages.newyork1.vip.townnews.com/oanow.com/content/tncms/assets/v3/editorial/a/8d/a8d0d087-4c39-5ac3-851d-88b5e9b8f837/603bb3b3eaa10.preview.jpg?crop=1918%2C1079%2C0%2C0,oanow.com,English,United States
222,https://hickoryrecord.com/news/national/gas-prices-could-top-3-nationally-unless-opec-and-russia-start-pumping-more-oil/article_e925c1ca-7576-5798-a885-c4f02fbd6a8d.html,https://hickoryrecord.com/news/national/gas-prices-could-top-3-nationally-unless-opec-and-russia-start-pumping-more-oil/article_e925c1ca-7576-5798-a885-c4f02fbd6a8d.amp.html,Gas prices could top $3 nationally unless OPEC and Russia start pumping more oil,20210228T214500Z,https://bloximages.newyork1.vip.townnews.com/hickoryrecord.com/content/tncms/assets/v3/editorial/e/92/e925c1ca-7576-5798-a885-c4f02fbd6a8d/603bb38cc7500.preview.jpg?crop=1918%2C1079%2C0%2C0,hickoryrecord.com,English,United States
223,https://nptelegraph.com/news/national/gas-prices-could-top-3-nationally-unless-opec-and-russia-start-pumping-more-oil/article_92102e2c-ad7d-53aa-89fd-bce15d338221.html,https://nptelegraph.com/news/national/gas-prices-could-top-3-nationally-unless-opec-and-russia-start-pumping-more-oil/article_92102e2c-ad7d-53aa-89fd-bce15d338221.amp.html,Gas prices could top $3 nationally unless OPEC and Russia start pumping more oil,20210228T211500Z,https://bloximages.chicago2.vip.townnews.com/nptelegraph.com/content/tncms/assets/v3/editorial/9/21/92102e2c-ad7d-53aa-89fd-bce15d338221/603bb3f614035.preview.jpg?crop=1918%2C1079%2C0%2C0,nptelegraph.com,English,United States
224,https://theindependent.com/news/national/gas-prices-could-top-3-nationally-unless-opec-and-russia-start-pumping-more-oil/article_1cdcd44f-547a-521b-81ee-0a3cc406b6f2.html,https://theindependent.com/news/national/gas-prices-could-top-3-nationally-unless-opec-and-russia-start-pumping-more-oil/article_1cdcd44f-547a-521b-81ee-0a3cc406b6f2.amp.html,Gas prices could top $3 nationally unless OPEC and Russia start pumping more oil,20210228T223000Z,https://bloximages.chicago2.vip.townnews.com/theindependent.com/content/tncms/assets/v3/editorial/1/cd/1cdcd44f-547a-521b-81ee-0a3cc406b6f2/603bb3b7ec9ea.preview.jpg?crop=1918%2C1079%2C0%2C0,theindependent.com,English,United States
225,https://yorknewstimes.com/news/national/gas-prices-could-top-3-nationally-unless-opec-and-russia-start-pumping-more-oil/article_527a6d1e-3e9b-55e3-9f8a-969450658944.html,https://yorknewstimes.com/news/national/gas-prices-could-top-3-nationally-unless-opec-and-russia-start-pumping-more-oil/article_527a6d1e-3e9b-55e3-9f8a-969450658944.amp.html,Gas prices could top $3 nationally unless OPEC and Russia start pumping more oil,20210228T203000Z,https://bloximages.chicago2.vip.townnews.com/yorknewstimes.com/content/tncms/assets/v3/editorial/5/27/527a6d1e-3e9b-55e3-9f8a-969450658944/603bb3c919922.preview.jpg?crop=1918%2C1079%2C0%2C0,yorknewstimes.com,English,United States
226,https://www.henryherald.com/news/business/3-gasoline-could-be-around-the-corner-unless-opec-and-russia-start-pumping-more-oil/article_54b63e0b-aede-59a9-b51b-9e3fa255e9a6.html,,$3 gasoline could be around the corner unless OPEC and Russia start pumping more oil,20210228T201500Z,https://bloximages.newyork1.vip.townnews.com/henryherald.com/content/tncms/assets/v3/editorial/4/1f/41f5c392-40bf-5270-a773-20a1147d3523/603bc1205f0a0.image.jpg,henryherald.com,English,United States
227,https://scnow.com/news/national/gas-prices-could-top-3-nationally-unless-opec-and-russia-start-pumping-more-oil/article_746e6f9a-1122-5b5e-b099-95d514e26a5f.html,https://scnow.com/news/national/gas-prices-could-top-3-nationally-unless-opec-and-russia-start-pumping-more-oil/article_746e6f9a-1122-5b5e-b099-95d514e26a5f.amp.html,Gas prices could top $3 nationally unless OPEC and Russia start pumping more oil,20210228T210000Z,https://bloximages.newyork1.vip.townnews.com/scnow.com/content/tncms/assets/v3/editorial/7/46/746e6f9a-1122-5b5e-b099-95d514e26a5f/603bb3a530f16.preview.jpg?crop=1918%2C1079%2C0%2C0,scnow.com,English,United States
228,https://www.rockdalenewtoncitizen.com/news/business/3-gasoline-could-be-around-the-corner-unless-opec-and-russia-start-pumping-more-oil/article_98f0f0d4-2efb-5240-a1b6-f691f13d8408.html,,$3 gasoline could be around the corner unless OPEC and Russia start pumping more oil,20210228T190000Z,https://bloximages.newyork1.vip.townnews.com/rockdalenewtoncitizen.com/content/tncms/assets/v3/editorial/4/0a/40ae7ce7-a805-5fc4-8612-b8715f134fb9/603bc1206643f.image.jpg,rockdalenewtoncitizen.com,English,United States
229,https://kearneyhub.com/news/local/kearney-hosptiality-took-a-hard-hit-when-covid-19-hit-the-area/article_3148ba48-83bd-11eb-9e0e-cb73abcbb25e.html,https://kearneyhub.com/news/local/kearney-hosptiality-took-a-hard-hit-when-covid-19-hit-the-area/article_3148ba48-83bd-11eb-9e0e-cb73abcbb25e.amp.html,Kearney hosptiality took a hard hit when COVID - 19 hit the area,20210313T170000Z,https://bloximages.chicago2.vip.townnews.com/kearneyhub.com/content/tncms/assets/v3/editorial/e/b7/eb7966cc-736c-11ea-8d66-0bd6ad26a510/5e83701f3d51a.image.jpg?crop=800%2C450%2C0%2C21,kearneyhub.com,English,United States
230,https://theindependent.com/news/state-and-regional/kearney-hosptiality-took-a-hard-hit-when-covid-19-hit-the-area/article_5e3f55dd-c9e5-57b8-b57a-14e43cb364a3.html,https://theindependent.com/news/state-and-regional/kearney-hosptiality-took-a-hard-hit-when-covid-19-hit-the-area/article_5e3f55dd-c9e5-57b8-b57a-14e43cb364a3.amp.html,Kearney hosptiality took a hard hit when COVID - 19 hit the area,20210313T200000Z,https://bloximages.chicago2.vip.townnews.com/theindependent.com/content/tncms/assets/v3/editorial/d/a8/da88a532-6606-5328-b4d8-40ccb41a9ee5/604c5758721e1.image.jpg?crop=800%2C450%2C0%2C21,theindependent.com,English,United States
231,https://kearneyhub.com/news/local/kearney-hospitality-took-a-hard-hit-when-covid-19-hit-the-area/article_3148ba48-83bd-11eb-9e0e-cb73abcbb25e.html,https://kearneyhub.com/news/local/kearney-hospitality-took-a-hard-hit-when-covid-19-hit-the-area/article_3148ba48-83bd-11eb-9e0e-cb73abcbb25e.amp.html,Kearney hospitality took a hard hit when COVID - 19 hit the area,20210315T004500Z,https://bloximages.chicago2.vip.townnews.com/kearneyhub.com/content/tncms/assets/v3/editorial/e/b7/eb7966cc-736c-11ea-8d66-0bd6ad26a510/5e83701f3d51a.image.jpg?crop=800%2C450%2C0%2C21,kearneyhub.com,English,United States
232,https://theindependent.com/news/state-and-regional/kearney-hospitality-took-a-hard-hit-when-covid-19-hit-the-area/article_5e3f55dd-c9e5-57b8-b57a-14e43cb364a3.html,https://theindependent.com/news/state-and-regional/kearney-hospitality-took-a-hard-hit-when-covid-19-hit-the-area/article_5e3f55dd-c9e5-57b8-b57a-14e43cb364a3.amp.html,Kearney hospitality took a hard hit when COVID - 19 hit the area,20210314T213000Z,https://bloximages.chicago2.vip.townnews.com/theindependent.com/content/tncms/assets/v3/editorial/d/a8/da88a532-6606-5328-b4d8-40ccb41a9ee5/604c5758721e1.image.jpg?crop=800%2C450%2C0%2C21,theindependent.com,English,United States
233,http://softwaredev.itbusinessnet.com/2021/03/fact-sheet-opportunity-hub-announces-new-racial-equity-focused-ecosystem-development-expansion-edge-technology-training-school-acquisition-startup-entrepreneurship-support-initiative-during-2021-s/,http://softwaredev.itbusinessnet.com/2021/03/fact-sheet-opportunity-hub-announces-new-racial-equity-focused-ecosystem-development-expansion-edge-technology-training-school-acquisition-startup-entrepreneurship-support-initiative-during-2021-s/amp/,"FACT SHEET : Opportunity Hub Announces New Racial Equity Focused Ecosystem Development Expansion , Edge Technology Training School Acquisition & Startup Entrepreneurship Support Initiative during 2021 SXSW",20210319T184500Z,,softwaredev.itbusinessnet.com,English,United States
234,http://hardware.itbusinessnet.com/2021/03/fact-sheet-opportunity-hub-announces-new-racial-equity-focused-ecosystem-development-expansion-edge-technology-training-school-acquisition-startup-entrepreneurship-support-initiative-during-2021-s/,http://hardware.itbusinessnet.com/2021/03/fact-sheet-opportunity-hub-announces-new-racial-equity-focused-ecosystem-development-expansion-edge-technology-training-school-acquisition-startup-entrepreneurship-support-initiative-during-2021-s/amp/,"FACT SHEET : Opportunity Hub Announces New Racial Equity Focused Ecosystem Development Expansion , Edge Technology Training School Acquisition & Startup Entrepreneurship Support Initiative during 2021 SXSW",20210319T224500Z,,hardware.itbusinessnet.com,English,United States
235,http://DigitalMediaNet.com/fact-sheet-opportunity-hub-announces-new-racial-equity-focused-ecosystem-development-expansion-edge-technology-training-school-acquisition-startup-entrepreneurship-support-initiative-during-2021-s/,http://DigitalMediaNet.com/fact-sheet-opportunity-hub-announces-new-racial-equity-focused-ecosystem-development-expansion-edge-technology-training-school-acquisition-startup-entrepreneurship-support-initiative-during-2021-s/amp/,"FACT SHEET : Opportunity Hub Announces New Racial Equity Focused Ecosystem Development Expansion , Edge Technology Training School Acquisition & Startup Entrepreneurship Support Initiative during 2021 SXSW",20210319T210000Z,,digitalmedianet.com,English,United States
236,https://norfolkdailynews.com/select/car-dealerships-stay-afloat-during-pandemic/article_c220f2b8-80ea-11eb-b582-cb1e742aebfe.html,,Car dealerships stay afloat during pandemic,20210309T160000Z,https://bloximages.newyork1.vip.townnews.com/norfolkdailynews.com/content/tncms/assets/v3/editorial/f/a7/fa76cbb0-80ea-11eb-a094-cbd0f63b8750/6047926e4a7ff.image.jpg,norfolkdailynews.com,English,United States
237,https://www.sungazette.com/news/police-fire-court/2021/03/district-judges-kept-busy-with-criminal-cases/,,"District judges kept busy with criminal cases | News , Sports , Jobs",20210315T081500Z,http://d14e0irai0gcaa.cloudfront.net/www.sungazette.com/images/2016/10/17135124/fblike1.jpg,sungazette.com,English,United States
238,https://www.tmcnet.com/usubmit/2021/03/19/9329124.htm,,"FACT SHEET : Opportunity Hub Announces New Racial Equity Focused Ecosystem Development Expansion , Edge Technology Training School Acquisition & Startup Entrepreneurship Support Initiative during 2021 SXSW",20210319T190000Z,https://images.tmcnet.com/tmc/world.jpg,tmcnet.com,English,United States
239,https://www.jacksonprogress-argus.com/news/business/can-stocks-shrug-off-bubble-talk-wall-street-thinks-so/article_290b1749-4134-53f8-9960-e595ce69763f.html,,Can stocks shrug off bubble talk ? Wall Street thinks so,20210302T153000Z,https://bloximages.newyork1.vip.townnews.com/jacksonprogress-argus.com/content/tncms/assets/v3/editorial/2/71/271da762-2532-5120-a36a-b6bff06410f1/603e44cb9fb1c.image.jpg,jacksonprogress-argus.com,English,United States
240,https://www.rockdalenewtoncitizen.com/news/business/can-stocks-shrug-off-bubble-talk-wall-street-thinks-so/article_f803d52f-26cb-579f-a93d-8c84660f69af.html,,Can stocks shrug off bubble talk ? Wall Street thinks so,20210302T190000Z,https://bloximages.newyork1.vip.townnews.com/rockdalenewtoncitizen.com/content/tncms/assets/v3/editorial/7/38/73842a9c-fedf-5468-826e-b458b7abdcd2/603e44cba0e9e.image.jpg,rockdalenewtoncitizen.com,English,United States
241,https://www.wmac-am.com/news/can-stocks-shrug-off-bubble-talk-wall-street-thinks-so/,,Can stocks shrug off bubble talk ? Wall Street thinks so,20210302T171500Z,,wmac-am.com,English,United States
242,https://www.kmjnow.com/news/can-stocks-shrug-off-bubble-talk-wall-street-thinks-so/,,Can stocks shrug off bubble talk ? Wall Street thinks so,20210302T171500Z,,kmjnow.com,English,United States
243,https://www.wfnc640am.com/news/can-stocks-shrug-off-bubble-talk-wall-street-thinks-so/,,Can stocks shrug off bubble talk ? Wall Street thinks so,20210302T164500Z,,wfnc640am.com,English,United States
244,https://www.thenewsguard.com/public_safety/police-blotter-homeowner-pulls-gun-on-workers-refusing-to-leave/article_b441f48a-760e-11eb-afe5-df2c33007d28.html,,Police Blotter : Homeowner pulls gun on workers refusing to leave,20210224T001500Z,https://bloximages.chicago2.vip.townnews.com/thenewsguard.com/content/tncms/assets/v3/editorial/b/c0/bc0bf896-fdc3-11ea-9afb-a79dc90dd59a/5f6b885258dab.image.jpg?crop=1440%2C1080%2C240%2C0,thenewsguard.com,English,United States
245,https://freerepublic.com/~theraven/,,The Raven,20210226T213000Z,,freerepublic.com,English,United States
246,https://wcfcourier.com/news/national/govt-and-politics/the-latest-wisconsin-gov-evers-reissues-mask-mandate/article_fd2a54ad-d9bd-5aa2-9ec9-085558a95390.html,https://wcfcourier.com/news/national/govt-and-politics/the-latest-mexicos-president-has-negative-antigen-test/article_fd2a54ad-d9bd-5aa2-9ec9-085558a95390.amp.html,The Latest : Mexico president has negative antigen test,20210302T171500Z,https://bloximages.chicago2.vip.townnews.com/wcfcourier.com/content/tncms/assets/v3/editorial/d/a8/da84cd64-b760-54d2-81fc-8d4877b77f11/601c1ef99feae.image.jpg?crop=1903%2C1070%2C0%2C9,wcfcourier.com,English,United States
247,http://www.riograndesun.com/news/cops_courts/caller-from-psych-ward-sends-police-on-hunt/article_84e41270-7c78-11eb-b507-1f2f03be8ac6.html,,Caller from Psych Ward Sends Police on Hunt,20210304T233000Z,https://bloximages.chicago2.vip.townnews.com/riograndesun.com/content/tncms/assets/v3/editorial/a/2d/a2da8714-7c78-11eb-b6e2-ff21288b1244/60401ca2d46a9.image.jpg,riograndesun.com,English,United States
248,https://oswegocountytoday.com/police/police-blotter-odn/cop-logs-oswego-pd-2-22-3-8-21/,,Cop Logs : Oswego PD 2 / 22 – 3 / 8 / 21,20210311T171500Z,,oswegocountytoday.com,English,United States
